Age,Gender,Academic_Level,Country,Avg_Daily_Usage_Hours,Most_Used_Platform,Affects_Academic_Performance,Sleep_Hours_Per_Night,Mental_Health_Score,Relationship_Status,Conflicts_Over_Social_Media,Addicted_Score
-1.186915388018159,0,2,10,0.2238567851584937,1,1,-0.32763788208478745,-0.20552043295802125,1,0.15706306555634025,0.9855499657710435
0.958662428783896,1,0,39,-2.243309145067867,7,0,0.5604232746617522,1.6056283824845383,2,-2.976789610402713,-2.166957864848674
-0.471722782417474,0,2,102,0.860544767152393,6,1,-1.659729617204597,-1.111094840679301,0,1.201680624209358,1.616051531894987
-1.902107993618844,1,1,101,-1.52703516532473,11,0,0.11639269628848238,0.7000539747632586,2,-1.9321720517496952,-1.5364562987247306
0.243469823183211,1,0,18,-0.3332451990861685,0,1,-0.7716684604580573,-0.20552043295802125,1,-0.8875544930966774,0.3550483996471
-1.186915388018159,0,2,5,1.8155767401432423,1,1,-2.1037601955778666,-2.016669248400581,0,2.246298182862376,1.616051531894987
1.673855034384581,1,0,33,-2.7208251315632914,4,0,1.004453853035022,2.511202790205818,2,-2.976789610402713,-2.7974594309726175
-0.471722782417474,0,2,16,0.701372771653918,5,1,-0.7716684604580573,-0.20552043295802125,1,-0.8875544930966774,0.9855499657710435
-1.902107993618844,1,1,46,-0.7311751878323557,6,0,-0.32763788208478745,0.7000539747632586,2,-1.9321720517496952,-0.9059547326007871
0.243469823183211,0,0,89,-1.2882771720770179,1,0,0.11639269628848238,0.7000539747632586,1,-1.9321720517496952,-1.5364562987247306
-1.186915388018159,1,2,31,-0.09448720583845635,5,1,-0.5940562291087492,-1.111094840679301,0,0.15706306555634025,0.3550483996471
-0.471722782417474,0,2,90,0.46261477840620585,6,1,-0.9492806918073653,-0.20552043295802125,1,-0.8875544930966774,0.9855499657710435
0.958662428783896,1,0,44,-1.686207160823205,4,0,0.29400492763779046,1.6056283824845383,2,-1.9321720517496952,-1.5364562987247306
-1.902107993618844,0,1,61,1.2584747558985803,1,1,-1.2156990388313271,-1.111094840679301,2,1.201680624209358,1.616051531894987
0.243469823183211,1,2,82,-0.9699331810800679,11,0,-0.06121953506082571,0.7000539747632586,1,-0.8875544930966774,-0.9059547326007871
-0.471722782417474,0,2,20,-0.5720031923338806,6,1,-0.7716684604580573,-0.20552043295802125,0,0.15706306555634025,0.3550483996471
2.389047639985266,1,0,92,-2.3228951428171043,4,0,0.826841621685714,1.6056283824845383,2,-2.976789610402713,-2.166957864848674
-1.186915388018159,0,1,71,0.06468478966001867,1,1,-1.038086807482019,-1.111094840679301,1,0.15706306555634025,0.9855499657710435
0.243469823183211,1,2,26,-1.129105176578543,0,0,-0.15002565073547935,0.7000539747632586,2,-1.9321720517496952,-0.9059547326007871
-0.471722782417474,0,2,67,-0.17407320358769351,5,1,-0.8604745761327109,-0.20552043295802125,0,0.15706306555634025,0.3550483996471
-1.902107993618844,1,1,12,0.30344278290773086,6,1,-1.2156990388313271,-1.111094840679301,2,1.201680624209358,0.9855499657710435
1.673855034384581,0,0,93,-1.9249651540709172,4,0,0.3828110433124441,1.6056283824845383,1,-1.9321720517496952,-1.5364562987247306
-1.186915388018159,1,2,6,-0.014901208089218486,1,1,-0.9492806918073653,-0.20552043295802125,0,0.15706306555634025,0.3550483996471
-0.471722782417474,0,2,79,0.6217867739046808,6,1,-1.3045051545059807,-1.111094840679301,2,1.201680624209358,0.9855499657710435
0.958662428783896,1,0,35,-1.367863169826255,0,0,0.027586580613828727,0.7000539747632586,1,-0.8875544930966774,-0.9059547326007871
-1.186915388018159,0,1,42,0.9401307649016302,1,1,-1.4821173858552887,-1.111094840679301,0,1.201680624209358,1.616051531894987
0.243469823183211,1,2,68,-0.8903471833308307,11,0,-0.2388317664101338,0.7000539747632586,2,-1.9321720517496952,-0.9059547326007871
-0.471722782417474,0,2,85,-0.41283119683540564,6,1,-0.8604745761327109,-0.20552043295802125,1,0.15706306555634025,0.3550483996471
2.389047639985266,1,0,58,-2.1637231473186294,4,0,0.47161715898709855,1.6056283824845383,2,-2.976789610402713,-2.166957864848674
-1.186915388018159,0,1,97,0.7809587694031559,1,1,-1.3933112701806352,-1.111094840679301,0,1.201680624209358,0.9855499657710435
0.243469823183211,1,2,108,-1.0495191788293055,0,0,-0.15002565073547935,0.7000539747632586,2,-1.9321720517496952,-0.9059547326007871
-0.471722782417474,0,2,77,-0.09448720583845635,5,1,-1.038086807482019,-0.20552043295802125,1,0.15706306555634025,0.3550483996471
-1.902107993618844,1,1,40,0.3830287806569687,6,1,-1.3045051545059807,-1.111094840679301,0,1.201680624209358,0.9855499657710435
1.673855034384581,0,0,95,-1.8453791563216797,4,0,0.29400492763779046,1.6056283824845383,2,-1.9321720517496952,-1.5364562987247306
-1.186915388018159,1,2,36,-0.17407320358769351,1,1,-0.9492806918073653,-0.20552043295802125,1,0.15706306555634025,0.3550483996471
-0.471722782417474,0,2,99,0.542200776155443,6,1,-1.2156990388313271,-1.111094840679301,0,1.201680624209358,0.9855499657710435
0.958662428783896,1,0,43,-1.4474491675754926,0,0,-0.06121953506082571,0.7000539747632586,2,-1.9321720517496952,-0.9059547326007871
-1.186915388018159,0,1,100,1.019716762650868,1,1,-1.5709235015299432,-1.111094840679301,1,1.201680624209358,1.616051531894987
0.243469823183211,1,2,28,-0.8107611855815932,11,0,-0.32763788208478745,0.7000539747632586,0,-0.8875544930966774,-0.27545316647684354
-0.471722782417474,0,2,65,-0.3332451990861685,6,1,-0.9492806918073653,-0.20552043295802125,2,0.15706306555634025,0.3550483996471
2.389047639985266,1,0,88,-2.084137149569392,4,0,0.3828110433124441,1.6056283824845383,1,-1.9321720517496952,-1.5364562987247306
-1.186915388018159,0,1,69,0.701372771653918,1,1,-1.3045051545059807,-1.111094840679301,0,1.201680624209358,0.9855499657710435
0.243469823183211,1,2,49,-0.9699331810800679,0,0,-0.2388317664101338,0.7000539747632586,2,-0.8875544930966774,-0.9059547326007871
-0.471722782417474,0,2,34,-0.2536592013369314,5,1,-1.038086807482019,-0.20552043295802125,1,0.15706306555634025,0.3550483996471
-1.902107993618844,1,1,3,0.46261477840620585,6,1,-1.3933112701806352,-1.111094840679301,2,1.201680624209358,0.9855499657710435
1.673855034384581,0,0,19,-1.7657931585724422,4,0,0.20519881196313602,1.6056283824845383,0,-1.9321720517496952,-1.5364562987247306
-1.186915388018159,1,2,21,-0.09448720583845635,1,1,-0.8604745761327109,-0.20552043295802125,1,0.15706306555634025,0.3550483996471
-0.471722782417474,0,2,76,0.46261477840620585,6,1,-1.1268929231566733,-1.111094840679301,2,1.201680624209358,0.9855499657710435
0.958662428783896,1,0,107,-1.2882771720770179,0,0,-0.15002565073547935,0.7000539747632586,1,-0.8875544930966774,-0.9059547326007871
-1.186915388018159,0,1,27,1.099302760400105,1,1,-1.4821173858552887,-1.111094840679301,0,1.201680624209358,1.616051531894987
0.243469823183211,1,2,104,-0.8903471833308307,11,0,-0.4164439977594411,0.7000539747632586,2,-0.8875544930966774,-0.27545316647684354
-0.471722782417474,0,2,75,-0.17407320358769351,6,1,-0.9492806918073653,-0.20552043295802125,1,0.15706306555634025,0.3550483996471
2.389047639985266,1,0,14,-2.004551151820155,4,0,0.29400492763779046,1.6056283824845383,0,-1.9321720517496952,-1.5364562987247306
-1.186915388018159,0,1,22,0.6217867739046808,1,1,-1.2156990388313271,-1.111094840679301,2,1.201680624209358,0.9855499657710435
0.243469823183211,1,2,74,-1.0495191788293055,0,0,-0.32763788208478745,0.7000539747632586,1,-0.8875544930966774,-0.9059547326007871
-0.471722782417474,0,2,45,-0.014901208089218486,5,1,-1.1268929231566733,-0.20552043295802125,0,0.15706306555634025,0.3550483996471
-1.902107993618844,1,1,98,0.542200776155443,6,1,-1.4821173858552887,-1.111094840679301,2,1.201680624209358,0.9855499657710435
1.673855034384581,0,0,8,-1.686207160823205,4,0,0.11639269628848238,1.6056283824845383,1,-1.9321720517496952,-1.5364562987247306
-1.186915388018159,1,2,38,-0.2536592013369314,1,1,-0.8604745761327109,-0.20552043295802125,0,0.15706306555634025,0.3550483996471
-0.471722782417474,0,2,30,0.3830287806569687,6,1,-1.038086807482019,-1.111094840679301,2,1.201680624209358,0.9855499657710435
0.958662428783896,1,0,78,-1.4474491675754926,0,0,0.20519881196313602,0.7000539747632586,2,-1.9321720517496952,-0.9059547326007871
-1.186915388018159,0,2,81,0.542200776155443,1,1,-1.1268929231566733,-1.111094840679301,1,0.15706306555634025,0.9855499657710435
-0.471722782417474,1,2,37,-0.5720031923338806,6,1,-0.7716684604580573,-0.20552043295802125,0,0.15706306555634025,0.3550483996471
-1.902107993618844,0,1,25,0.9401307649016302,5,1,-1.4821173858552887,-2.016669248400581,2,1.201680624209358,1.616051531894987
1.673855034384581,1,0,86,-2.084137149569392,4,0,0.47161715898709855,1.6056283824845383,1,-1.9321720517496952,-2.166957864848674
0.243469823183211,0,2,23,-0.09448720583845635,1,1,-0.9492806918073653,-0.20552043295802125,2,0.15706306555634025,0.3550483996471
-0.471722782417474,1,2,84,-0.8107611855815932,11,0,-0.32763788208478745,0.7000539747632586,0,-0.8875544930966774,-0.27545316647684354
-1.186915388018159,0,1,87,0.6217867739046808,6,1,-1.3045051545059807,-1.111094840679301,1,1.201680624209358,0.9855499657710435
0.958662428783896,1,0,17,-1.686207160823205,4,0,0.29400492763779046,1.6056283824845383,2,-1.9321720517496952,-1.5364562987247306
-0.471722782417474,0,2,29,-0.3332451990861685,1,1,-0.8604745761327109,-0.20552043295802125,0,0.15706306555634025,0.3550483996471
-1.902107993618844,1,1,53,0.3830287806569687,5,1,-1.2156990388313271,-1.111094840679301,2,1.201680624209358,0.9855499657710435
0.243469823183211,0,0,56,-1.367863169826255,0,0,-0.06121953506082571,0.7000539747632586,1,-0.8875544930966774,-0.9059547326007871
-1.186915388018159,1,2,103,-0.014901208089218486,6,1,-1.038086807482019,-0.20552043295802125,0,0.15706306555634025,0.3550483996471
-0.471722782417474,0,2,62,0.701372771653918,1,1,-1.3933112701806352,-1.111094840679301,2,1.201680624209358,0.9855499657710435
1.673855034384581,1,0,11,-1.9249651540709172,4,0,0.3828110433124441,1.6056283824845383,1,-1.9321720517496952,-1.5364562987247306
0.243469823183211,0,2,48,-0.2536592013369314,5,1,-0.9492806918073653,-0.20552043295802125,2,0.15706306555634025,0.3550483996471
-1.186915388018159,1,1,105,0.46261477840620585,6,1,-1.3045051545059807,-1.111094840679301,0,1.201680624209358,0.9855499657710435
0.958662428783896,0,0,52,-1.6066211630739675,0,0,0.11639269628848238,0.7000539747632586,1,-0.8875544930966774,-0.9059547326007871
-0.471722782417474,1,2,96,-0.17407320358769351,11,1,-0.8604745761327109,-0.20552043295802125,2,0.15706306555634025,0.3550483996471
-1.902107993618844,0,1,4,0.7809587694031559,1,1,-1.4821173858552887,-1.111094840679301,0,1.201680624209358,1.616051531894987
0.243469823183211,1,0,32,-1.52703516532473,4,0,0.20519881196313602,1.6056283824845383,1,-1.9321720517496952,-1.5364562987247306
-1.186915388018159,0,2,7,-0.09448720583845635,6,1,-1.038086807482019,-0.20552043295802125,2,0.15706306555634025,0.3550483996471
-0.471722782417474,1,2,24,-0.8903471833308307,0,0,-0.2388317664101338,0.7000539747632586,0,-0.8875544930966774,-0.27545316647684354
0.958662428783896,0,0,60,-1.7657931585724422,4,0,0.29400492763779046,1.6056283824845383,1,-1.9321720517496952,-1.5364562987247306
-1.902107993618844,1,1,57,0.542200776155443,5,1,-1.3933112701806352,-1.111094840679301,2,1.201680624209358,0.9855499657710435
0.243469823183211,0,2,63,-0.3332451990861685,1,1,-0.9492806918073653,-0.20552043295802125,0,0.15706306555634025,0.3550483996471
-1.186915388018159,1,1,2,0.30344278290773086,6,1,-1.2156990388313271,-1.111094840679301,1,1.201680624209358,0.9855499657710435
1.673855034384581,0,0,83,-1.8453791563216797,4,0,0.3828110433124441,1.6056283824845383,2,-1.9321720517496952,-1.5364562987247306
-0.471722782417474,1,2,106,-0.41283119683540564,11,1,-0.7716684604580573,-0.20552043295802125,0,0.15706306555634025,0.3550483996471
-1.902107993618844,0,1,55,0.701372771653918,1,1,-1.4821173858552887,-1.111094840679301,2,1.201680624209358,1.616051531894987
0.958662428783896,1,0,64,-1.6066211630739675,0,0,0.11639269628848238,0.7000539747632586,1,-0.8875544930966774,-0.9059547326007871
-1.186915388018159,0,2,1,-0.17407320358769351,6,1,-0.9492806918073653,-0.20552043295802125,0,0.15706306555634025,0.3550483996471
0.243469823183211,1,2,70,-0.9699331810800679,5,0,-0.32763788208478745,0.7000539747632586,2,-0.8875544930966774,-0.27545316647684354
-0.471722782417474,0,1,50,0.46261477840620585,1,1,-1.3045051545059807,-1.111094840679301,1,1.201680624209358,0.9855499657710435
1.673855034384581,1,0,15,-2.004551151820155,4,0,0.47161715898709855,1.6056283824845383,0,-1.9321720517496952,-1.5364562987247306
-1.186915388018159,0,2,80,-0.014901208089218486,6,1,-1.038086807482019,-0.20552043295802125,2,0.15706306555634025,0.3550483996471
-1.902107993618844,1,1,51,0.6217867739046808,5,1,-1.3933112701806352,-1.111094840679301,1,1.201680624209358,0.9855499657710435
0.958662428783896,0,0,9,-1.686207160823205,4,0,0.20519881196313602,1.6056283824845383,0,-1.9321720517496952,-1.5364562987247306
-0.471722782417474,1,2,72,-0.2536592013369314,1,1,-0.8604745761327109,-0.20552043295802125,2,0.15706306555634025,0.3550483996471
0.243469823183211,0,2,47,0.3830287806569687,6,1,-1.2156990388313271,-1.111094840679301,1,1.201680624209358,0.9855499657710435
-1.186915388018159,1,1,54,0.701372771653918,11,1,-1.4821173858552887,-1.111094840679301,0,1.201680624209358,1.616051531894987
1.673855034384581,0,0,41,-1.9249651540709172,4,0,0.3828110433124441,1.6056283824845383,2,-1.9321720517496952,-1.5364562987247306
-0.471722782417474,1,2,109,-0.17407320358769351,0,1,-0.9492806918073653,-0.20552043295802125,1,0.15706306555634025,0.3550483996471
-1.902107993618844,0,1,94,0.542200776155443,1,1,-1.3045051545059807,-1.111094840679301,2,1.201680624209358,0.9855499657710435
0.958662428783896,1,0,0,-1.6066211630739675,4,0,0.11639269628848238,0.7000539747632586,0,-0.8875544930966774,-0.9059547326007871
-1.186915388018159,0,2,73,-0.09448720583845635,6,1,-1.038086807482019,-0.20552043295802125,1,0.15706306555634025,0.3550483996471
0.243469823183211,1,2,66,-0.8903471833308307,11,0,-0.2388317664101338,0.7000539747632586,2,-0.8875544930966774,-0.27545316647684354
-0.471722782417474,0,1,13,0.46261477840620585,5,1,-1.2156990388313271,-1.111094840679301,0,1.201680624209358,0.9855499657710435
1.673855034384581,1,0,91,-1.8453791563216797,4,0,0.29400492763779046,1.6056283824845383,1,-1.9321720517496952,-1.5364562987247306
-1.186915388018159,0,2,59,-0.014901208089218486,1,1,-0.9492806918073653,-0.20552043295802125,2,0.15706306555634025,0.3550483996471
-0.471722782417474,1,2,10,0.9401307649016302,1,1,-0.5940562291087492,-1.111094840679301,2,1.201680624209358,0.9855499657710435
0.243469823183211,0,2,39,0.701372771653918,6,1,-0.8604745761327109,-0.20552043295802125,1,0.15706306555634025,0.3550483996471
-1.186915388018159,1,2,66,-0.014901208089218486,0,0,0.20519881196313602,0.7000539747632586,2,-0.8875544930966774,-0.9059547326007871
0.958662428783896,0,0,73,0.46261477840620585,1,1,-0.7716684604580573,-1.111094840679301,2,1.201680624209358,0.9855499657710435
-0.471722782417474,1,2,91,0.2238567851584937,6,1,-0.5052501134340955,-0.20552043295802125,1,0.15706306555634025,0.3550483996471
-1.186915388018159,0,2,59,-0.09448720583845635,1,0,0.29400492763779046,1.6056283824845383,2,-0.8875544930966774,-0.9059547326007871
0.243469823183211,1,0,10,0.860544767152393,0,1,-0.9492806918073653,-1.111094840679301,1,1.201680624209358,0.9855499657710435
-0.471722782417474,0,2,39,0.6217867739046808,1,1,-0.6828623447834036,-0.20552043295802125,2,0.15706306555634025,0.3550483996471
0.958662428783896,1,0,66,-0.17407320358769351,6,0,0.3828110433124441,0.7000539747632586,2,-0.8875544930966774,-0.9059547326007871
-1.186915388018159,0,2,73,0.3830287806569687,1,1,-0.5940562291087492,-1.111094840679301,1,1.201680624209358,0.9855499657710435
-0.471722782417474,1,2,91,0.7809587694031559,0,1,-0.8604745761327109,-0.20552043295802125,2,0.15706306555634025,0.3550483996471
0.243469823183211,0,0,59,-0.2536592013369314,1,0,0.47161715898709855,1.6056283824845383,1,-0.8875544930966774,-0.9059547326007871
-1.186915388018159,1,2,10,0.30344278290773086,6,1,-0.5052501134340955,-1.111094840679301,2,1.201680624209358,0.9855499657710435
0.958662428783896,0,0,39,0.701372771653918,1,1,-0.9492806918073653,-0.20552043295802125,1,0.15706306555634025,0.3550483996471
-0.471722782417474,1,2,66,-0.3332451990861685,0,0,0.5604232746617522,0.7000539747632586,2,-0.8875544930966774,-0.9059547326007871
0.243469823183211,0,0,73,0.2238567851584937,1,1,-0.4164439977594411,-1.111094840679301,1,1.201680624209358,0.9855499657710435
-1.186915388018159,1,2,91,0.6217867739046808,6,1,-1.038086807482019,-0.20552043295802125,2,0.15706306555634025,0.3550483996471
-0.471722782417474,0,2,59,-0.41283119683540564,1,0,0.6492293903364058,1.6056283824845383,1,-0.8875544930966774,-0.9059547326007871
0.958662428783896,1,0,10,0.14427078740925584,0,1,-0.32763788208478745,-1.111094840679301,2,1.201680624209358,0.9855499657710435
0.243469823183211,0,0,39,0.542200776155443,1,1,-1.1268929231566733,-0.20552043295802125,1,0.15706306555634025,0.3550483996471
-1.186915388018159,1,2,66,-0.49241719458464356,6,0,0.7380355060110603,0.7000539747632586,2,-0.8875544930966774,-0.9059547326007871
-0.471722782417474,0,2,73,0.06468478966001867,1,1,-0.2388317664101338,-1.111094840679301,1,1.201680624209358,0.9855499657710435
0.958662428783896,1,0,91,0.46261477840620585,0,1,-1.2156990388313271,-0.20552043295802125,2,0.15706306555634025,0.3550483996471
0.243469823183211,0,0,59,-0.5720031923338806,1,0,0.826841621685714,1.6056283824845383,1,-0.8875544930966774,-0.9059547326007871
-1.186915388018159,1,2,10,-0.014901208089218486,6,1,-0.15002565073547935,-1.111094840679301,2,1.201680624209358,0.9855499657710435
-0.471722782417474,0,2,39,0.3830287806569687,1,1,-1.3045051545059807,-0.20552043295802125,1,0.15706306555634025,0.3550483996471
0.958662428783896,1,0,66,-0.6515891900831186,0,0,0.9156477373603683,0.7000539747632586,2,-0.8875544930966774,-0.9059547326007871
0.243469823183211,0,0,73,-0.09448720583845635,1,1,-0.06121953506082571,-1.111094840679301,1,1.201680624209358,0.9855499657710435
-1.186915388018159,1,2,91,0.30344278290773086,6,1,-1.3933112701806352,-0.20552043295802125,2,0.15706306555634025,0.3550483996471
-0.471722782417474,0,2,59,-0.7311751878323557,1,0,1.004453853035022,1.6056283824845383,1,-0.8875544930966774,-0.9059547326007871
0.958662428783896,1,0,10,-0.17407320358769351,0,1,0.027586580613828727,-1.111094840679301,2,1.201680624209358,0.9855499657710435
0.243469823183211,0,0,39,0.2238567851584937,1,1,-1.4821173858552887,-0.20552043295802125,1,0.15706306555634025,0.3550483996471
-1.186915388018159,1,2,66,-0.8107611855815932,6,0,1.0932599687096756,0.7000539747632586,2,-0.8875544930966774,-0.9059547326007871
-0.471722782417474,0,2,73,-0.2536592013369314,1,1,0.11639269628848238,-1.111094840679301,1,1.201680624209358,0.9855499657710435
0.958662428783896,1,0,91,0.14427078740925584,0,1,-1.5709235015299432,-0.20552043295802125,2,0.15706306555634025,0.3550483996471
0.243469823183211,0,0,59,-0.8903471833308307,1,0,1.1820660843843294,1.6056283824845383,1,-0.8875544930966774,-0.9059547326007871
-1.186915388018159,1,2,10,-0.3332451990861685,6,1,0.20519881196313602,-1.111094840679301,2,1.201680624209358,0.9855499657710435
-0.471722782417474,0,2,39,0.06468478966001867,1,1,-1.659729617204597,-0.20552043295802125,1,0.15706306555634025,0.3550483996471
0.958662428783896,1,0,66,-0.9699331810800679,0,0,1.2708722000589845,0.7000539747632586,2,-0.8875544930966774,-0.9059547326007871
0.243469823183211,0,0,73,-0.41283119683540564,1,1,0.29400492763779046,-1.111094840679301,1,1.201680624209358,0.9855499657710435
-1.186915388018159,1,2,91,-0.014901208089218486,6,1,-1.7485357328792506,-0.20552043295802125,2,0.15706306555634025,0.3550483996471
-0.471722782417474,0,2,59,-1.0495191788293055,1,0,1.359678315733638,1.6056283824845383,1,-0.8875544930966774,-0.9059547326007871
0.958662428783896,1,0,10,-0.49241719458464356,0,1,0.3828110433124441,-1.111094840679301,2,1.201680624209358,0.9855499657710435
0.243469823183211,0,0,39,-0.09448720583845635,1,1,-1.837341848553905,-0.20552043295802125,1,0.15706306555634025,0.3550483996471
-1.186915388018159,1,2,66,-1.129105176578543,6,0,1.4484844314082919,0.7000539747632586,2,-0.8875544930966774,-0.9059547326007871
-0.471722782417474,0,2,73,-0.5720031923338806,1,1,0.47161715898709855,-1.111094840679301,1,1.201680624209358,0.9855499657710435
0.958662428783896,1,0,91,-0.17407320358769351,0,1,-1.9261479642285586,-0.20552043295802125,2,0.15706306555634025,0.3550483996471
0.243469823183211,0,0,59,-1.2086911743277804,1,0,1.5372905470829454,1.6056283824845383,1,-0.8875544930966774,-0.9059547326007871
-1.186915388018159,1,2,10,-0.6515891900831186,6,1,0.5604232746617522,-1.111094840679301,2,1.201680624209358,0.9855499657710435
-0.471722782417474,0,2,39,-0.2536592013369314,1,1,-2.014954079903213,-0.20552043295802125,1,0.15706306555634025,0.3550483996471
-1.186915388018159,0,2,10,0.30344278290773086,1,1,-0.6828623447834036,-1.111094840679301,2,0.15706306555634025,0.3550483996471
0.243469823183211,1,0,39,-0.09448720583845635,0,0,0.29400492763779046,0.7000539747632586,1,-0.8875544930966774,-0.27545316647684354
-0.471722782417474,0,2,66,0.46261477840620585,6,1,-0.8604745761327109,-0.20552043295802125,2,1.201680624209358,0.9855499657710435
0.958662428783896,1,0,73,-0.17407320358769351,1,1,-0.5052501134340955,-1.111094840679301,1,0.15706306555634025,0.3550483996471
-1.186915388018159,0,2,91,0.14427078740925584,0,0,0.11639269628848238,0.7000539747632586,2,-0.8875544930966774,-0.9059547326007871
0.243469823183211,1,0,59,0.3830287806569687,6,1,-0.7716684604580573,-0.20552043295802125,1,1.201680624209358,0.9855499657710435
-0.471722782417474,0,2,10,-0.014901208089218486,1,1,-0.4164439977594411,-1.111094840679301,2,0.15706306555634025,0.3550483996471
0.958662428783896,1,0,39,0.2238567851584937,0,0,0.20519881196313602,0.7000539747632586,1,-0.8875544930966774,-0.27545316647684354
-1.186915388018159,0,2,66,0.542200776155443,6,1,-0.9492806918073653,-0.20552043295802125,2,1.201680624209358,0.9855499657710435
0.243469823183211,1,0,73,-0.2536592013369314,1,1,-0.32763788208478745,-1.111094840679301,1,0.15706306555634025,0.3550483996471
-0.471722782417474,0,2,91,0.06468478966001867,0,0,0.3828110433124441,0.7000539747632586,2,-0.8875544930966774,-0.9059547326007871
0.958662428783896,1,0,59,0.30344278290773086,6,1,-1.038086807482019,-0.20552043295802125,1,1.201680624209358,0.9855499657710435
-1.186915388018159,0,2,10,-0.09448720583845635,1,1,-0.2388317664101338,-1.111094840679301,2,0.15706306555634025,0.3550483996471
0.243469823183211,1,0,39,0.14427078740925584,0,0,0.47161715898709855,0.7000539747632586,1,-0.8875544930966774,-0.27545316647684354
-0.471722782417474,0,2,66,0.6217867739046808,6,1,-1.1268929231566733,-0.20552043295802125,2,1.201680624209358,0.9855499657710435
0.958662428783896,1,0,73,-0.3332451990861685,1,1,-0.15002565073547935,-1.111094840679301,1,0.15706306555634025,0.3550483996471
-1.186915388018159,0,2,91,-0.014901208089218486,0,0,0.5604232746617522,0.7000539747632586,2,-0.8875544930966774,-0.9059547326007871
0.243469823183211,1,0,59,0.2238567851584937,6,1,-1.2156990388313271,-0.20552043295802125,1,1.201680624209358,0.9855499657710435
-0.471722782417474,0,2,10,-0.17407320358769351,1,1,-0.06121953506082571,-1.111094840679301,2,0.15706306555634025,0.3550483996471
0.958662428783896,1,0,39,0.06468478966001867,0,0,0.6492293903364058,0.7000539747632586,1,-0.8875544930966774,-0.27545316647684354
-1.186915388018159,0,2,66,0.701372771653918,6,1,-1.3045051545059807,-0.20552043295802125,2,1.201680624209358,0.9855499657710435
0.243469823183211,1,0,73,-0.41283119683540564,1,1,0.027586580613828727,-1.111094840679301,1,0.15706306555634025,0.3550483996471
-0.471722782417474,0,2,91,-0.09448720583845635,0,0,0.7380355060110603,0.7000539747632586,2,-0.8875544930966774,-0.9059547326007871
0.958662428783896,1,0,59,0.14427078740925584,6,1,-1.3933112701806352,-0.20552043295802125,1,1.201680624209358,0.9855499657710435
-1.186915388018159,0,2,10,-0.2536592013369314,1,1,0.11639269628848238,-1.111094840679301,2,0.15706306555634025,0.3550483996471
0.243469823183211,1,0,39,-0.014901208089218486,0,0,0.826841621685714,0.7000539747632586,1,-0.8875544930966774,-0.27545316647684354
-0.471722782417474,0,2,66,0.7809587694031559,6,1,-1.4821173858552887,-0.20552043295802125,2,1.201680624209358,0.9855499657710435
0.958662428783896,1,0,73,-0.49241719458464356,1,1,0.20519881196313602,-1.111094840679301,1,0.15706306555634025,0.3550483996471
-1.186915388018159,0,2,91,-0.17407320358769351,0,0,0.9156477373603683,0.7000539747632586,2,-0.8875544930966774,-0.9059547326007871
0.243469823183211,1,0,59,0.06468478966001867,6,1,-1.5709235015299432,-0.20552043295802125,1,1.201680624209358,0.9855499657710435
-0.471722782417474,0,2,10,-0.3332451990861685,1,1,0.29400492763779046,-1.111094840679301,2,0.15706306555634025,0.3550483996471
0.958662428783896,1,0,39,-0.09448720583845635,0,0,1.004453853035022,0.7000539747632586,1,-0.8875544930966774,-0.27545316647684354
-1.186915388018159,0,2,66,0.860544767152393,6,1,-1.659729617204597,-0.20552043295802125,2,1.201680624209358,0.9855499657710435
0.243469823183211,1,0,73,-0.5720031923338806,1,1,0.3828110433124441,-1.111094840679301,1,0.15706306555634025,0.3550483996471
-0.471722782417474,0,2,91,-0.2536592013369314,0,0,1.0932599687096756,0.7000539747632586,2,-0.8875544930966774,-0.9059547326007871
0.958662428783896,1,0,59,-0.014901208089218486,6,1,-1.7485357328792506,-0.20552043295802125,1,1.201680624209358,0.9855499657710435
-1.186915388018159,0,2,10,-0.41283119683540564,1,1,0.47161715898709855,-1.111094840679301,2,0.15706306555634025,0.3550483996471
0.243469823183211,1,0,39,-0.17407320358769351,0,0,1.1820660843843294,0.7000539747632586,1,-0.8875544930966774,-0.27545316647684354
-0.471722782417474,0,2,66,0.9401307649016302,6,1,-1.837341848553905,-0.20552043295802125,2,1.201680624209358,0.9855499657710435
0.958662428783896,1,0,73,-0.6515891900831186,1,1,0.5604232746617522,-1.111094840679301,1,0.15706306555634025,0.3550483996471
-1.186915388018159,0,2,91,-0.3332451990861685,0,0,1.2708722000589845,0.7000539747632586,2,-0.8875544930966774,-0.9059547326007871
0.243469823183211,1,0,59,-0.09448720583845635,6,1,-1.9261479642285586,-0.20552043295802125,1,1.201680624209358,0.9855499657710435
-0.471722782417474,0,2,10,-0.49241719458464356,1,1,0.6492293903364058,-1.111094840679301,2,0.15706306555634025,0.3550483996471
0.958662428783896,1,0,39,-0.2536592013369314,0,0,1.359678315733638,0.7000539747632586,1,-0.8875544930966774,-0.27545316647684354
-1.186915388018159,0,2,66,1.019716762650868,6,1,-2.014954079903213,-0.20552043295802125,2,1.201680624209358,0.9855499657710435
0.243469823183211,1,0,73,-0.7311751878323557,1,1,0.7380355060110603,-1.111094840679301,1,0.15706306555634025,0.3550483996471
-0.471722782417474,0,2,91,-0.41283119683540564,0,0,1.4484844314082919,0.7000539747632586,2,-0.8875544930966774,-0.9059547326007871
0.958662428783896,1,0,59,-0.17407320358769351,6,1,-2.1037601955778666,-0.20552043295802125,1,1.201680624209358,0.9855499657710435
-1.186915388018159,0,2,10,-0.5720031923338806,1,1,0.826841621685714,-1.111094840679301,2,0.15706306555634025,0.3550483996471
0.243469823183211,1,0,39,-0.3332451990861685,0,0,1.5372905470829454,0.7000539747632586,1,-0.8875544930966774,-0.27545316647684354
-0.471722782417474,0,2,66,1.099302760400105,6,1,-2.1925663112525204,-0.20552043295802125,2,1.201680624209358,0.9855499657710435
0.958662428783896,1,0,73,-0.8107611855815932,1,1,0.9156477373603683,-1.111094840679301,1,0.15706306555634025,0.3550483996471
-1.186915388018159,0,2,91,-0.49241719458464356,0,0,1.626096662757599,0.7000539747632586,2,-0.8875544930966774,-0.9059547326007871
0.243469823183211,1,0,59,-0.2536592013369314,6,1,-2.2813724269271747,-0.20552043295802125,1,1.201680624209358,0.9855499657710435
-0.471722782417474,0,2,10,-0.6515891900831186,1,1,1.004453853035022,-1.111094840679301,2,0.15706306555634025,0.3550483996471
0.958662428783896,1,0,39,-0.41283119683540564,0,0,1.7149027784322544,0.7000539747632586,1,-0.8875544930966774,-0.27545316647684354
-1.186915388018159,0,2,66,1.178888758149343,6,1,-2.3701785426018285,-0.20552043295802125,2,1.201680624209358,0.9855499657710435
0.243469823183211,1,0,73,-0.8903471833308307,1,1,1.0932599687096756,-1.111094840679301,1,0.15706306555634025,0.3550483996471
-0.471722782417474,0,2,91,-0.5720031923338806,0,0,1.803708894106908,0.7000539747632586,2,-0.8875544930966774,-0.9059547326007871
0.958662428783896,1,0,59,-0.3332451990861685,6,1,-2.4589846582764827,-0.20552043295802125,1,1.201680624209358,0.9855499657710435
-1.186915388018159,0,2,102,1.2584747558985803,1,1,-0.7716684604580573,-1.111094840679301,2,1.201680624209358,1.616051531894987
0.243469823183211,1,0,101,0.701372771653918,6,1,-0.32763788208478745,-0.20552043295802125,1,0.15706306555634025,0.3550483996471
-0.471722782417474,0,2,5,-0.3332451990861685,1,0,0.5604232746617522,1.6056283824845383,2,-0.8875544930966774,-0.9059547326007871
0.958662428783896,1,0,33,-0.5720031923338806,0,0,0.826841621685714,0.7000539747632586,1,-0.8875544930966774,-1.5364562987247306
-1.186915388018159,0,2,46,-0.8903471833308307,3,0,0.9156477373603683,1.6056283824845383,2,-1.9321720517496952,-2.166957864848674
0.243469823183211,1,0,44,0.46261477840620585,1,1,-0.06121953506082571,-0.20552043295802125,2,0.15706306555634025,0.3550483996471
-0.471722782417474,0,2,89,0.2238567851584937,2,1,-0.32763788208478745,-0.20552043295802125,1,0.15706306555634025,-0.27545316647684354
0.958662428783896,1,0,82,-0.09448720583845635,8,0,0.29400492763779046,0.7000539747632586,2,-0.8875544930966774,-0.9059547326007871
-1.186915388018159,0,2,102,1.6564047446447674,6,1,-0.9492806918073653,-2.016669248400581,1,1.201680624209358,1.616051531894987
0.243469823183211,1,0,101,0.46261477840620585,1,1,-0.15002565073547935,-0.20552043295802125,2,0.15706306555634025,0.3550483996471
-0.471722782417474,0,2,5,-0.17407320358769351,0,0,0.47161715898709855,0.7000539747632586,1,-0.8875544930966774,-0.9059547326007871
0.958662428783896,1,0,33,-0.7311751878323557,1,0,0.9156477373603683,1.6056283824845383,2,-1.9321720517496952,-1.5364562987247306
-1.186915388018159,0,2,46,-1.129105176578543,3,0,1.004453853035022,1.6056283824845383,2,-1.9321720517496952,-2.166957864848674
0.243469823183211,1,0,44,0.6217867739046808,6,1,-0.32763788208478745,-1.111094840679301,1,0.15706306555634025,0.9855499657710435
-0.471722782417474,0,2,89,0.06468478966001867,2,1,-0.06121953506082571,-0.20552043295802125,2,0.15706306555634025,-0.27545316647684354
0.958662428783896,1,0,82,-0.3332451990861685,8,0,0.47161715898709855,0.7000539747632586,1,-0.8875544930966774,-0.9059547326007871
-1.186915388018159,0,2,102,1.4972327491462925,1,1,-0.8604745761327109,-2.016669248400581,2,1.201680624209358,1.616051531894987
0.243469823183211,1,0,101,0.542200776155443,0,1,-0.2388317664101338,-0.20552043295802125,1,0.15706306555634025,0.3550483996471
-0.471722782417474,0,2,5,-0.2536592013369314,1,0,0.3828110433124441,0.7000539747632586,2,-0.8875544930966774,-0.9059547326007871
0.958662428783896,1,0,33,-0.6515891900831186,0,0,0.7380355060110603,1.6056283824845383,1,-0.8875544930966774,-1.5364562987247306
-1.186915388018159,0,2,46,-0.9699331810800679,3,0,0.826841621685714,1.6056283824845383,2,-1.9321720517496952,-2.166957864848674
0.243469823183211,1,0,44,0.3830287806569687,1,1,-0.15002565073547935,-1.111094840679301,2,0.15706306555634025,0.3550483996471
-0.471722782417474,0,2,89,0.14427078740925584,2,1,-0.2388317664101338,-0.20552043295802125,1,0.15706306555634025,-0.27545316647684354
0.958662428783896,1,0,82,-0.17407320358769351,8,0,0.3828110433124441,0.7000539747632586,2,-0.8875544930966774,-0.9059547326007871
-1.186915388018159,0,2,102,1.5768187468955301,6,1,-1.038086807482019,-2.016669248400581,1,1.201680624209358,1.616051531894987
0.243469823183211,1,0,101,0.6217867739046808,1,1,-0.4164439977594411,-0.20552043295802125,2,0.15706306555634025,0.3550483996471
-0.471722782417474,0,2,5,-0.09448720583845635,0,0,0.29400492763779046,0.7000539747632586,1,-0.8875544930966774,-0.9059547326007871
0.958662428783896,1,0,33,-0.8107611855815932,1,0,0.826841621685714,1.6056283824845383,2,-1.9321720517496952,-1.5364562987247306
-1.186915388018159,0,2,46,-1.0495191788293055,3,0,1.0932599687096756,1.6056283824845383,2,-1.9321720517496952,-2.166957864848674
0.243469823183211,1,0,44,0.542200776155443,6,1,-0.2388317664101338,-1.111094840679301,1,0.15706306555634025,0.9855499657710435
-0.471722782417474,0,2,89,-0.014901208089218486,2,1,0.027586580613828727,-0.20552043295802125,2,0.15706306555634025,-0.27545316647684354
0.958662428783896,1,0,82,-0.2536592013369314,8,0,0.5604232746617522,0.7000539747632586,1,-0.8875544930966774,-0.9059547326007871
-1.186915388018159,0,2,102,1.4176467513970552,1,1,-0.9492806918073653,-2.016669248400581,2,1.201680624209358,1.616051531894987
0.243469823183211,1,0,101,0.3830287806569687,0,1,-0.32763788208478745,-0.20552043295802125,1,0.15706306555634025,0.3550483996471
-0.471722782417474,0,2,5,-0.41283119683540564,1,0,0.47161715898709855,0.7000539747632586,2,-0.8875544930966774,-0.9059547326007871
0.958662428783896,1,0,33,-0.7311751878323557,0,0,0.6492293903364058,1.6056283824845383,1,-0.8875544930966774,-1.5364562987247306
-1.186915388018159,0,2,46,-1.2086911743277804,3,0,1.1820660843843294,1.6056283824845383,2,-1.9321720517496952,-2.166957864848674
0.243469823183211,1,0,44,0.30344278290773086,1,1,-0.06121953506082571,-1.111094840679301,2,0.15706306555634025,0.3550483996471
-0.471722782417474,0,2,89,0.06468478966001867,2,1,-0.15002565073547935,-0.20552043295802125,1,0.15706306555634025,-0.27545316647684354
0.958662428783896,1,0,82,-0.41283119683540564,8,0,0.6492293903364058,0.7000539747632586,2,-0.8875544930966774,-0.9059547326007871
-1.186915388018159,0,2,102,1.3380607536478173,6,1,-1.1268929231566733,-2.016669248400581,1,1.201680624209358,1.616051531894987
0.243469823183211,1,0,101,0.30344278290773086,1,1,-0.5052501134340955,-0.20552043295802125,2,0.15706306555634025,0.3550483996471
-0.471722782417474,0,2,5,-0.49241719458464356,0,0,0.5604232746617522,0.7000539747632586,1,-0.8875544930966774,-0.9059547326007871
0.958662428783896,1,0,33,-0.8903471833308307,1,0,0.7380355060110603,1.6056283824845383,2,-1.9321720517496952,-1.5364562987247306
-1.186915388018159,0,2,46,-1.2882771720770179,3,0,1.2708722000589845,1.6056283824845383,2,-1.9321720517496952,-2.166957864848674
0.243469823183211,1,0,44,0.2238567851584937,6,1,0.027586580613828727,-1.111094840679301,1,0.15706306555634025,0.9855499657710435
-0.471722782417474,0,2,89,-0.09448720583845635,2,1,0.11639269628848238,-0.20552043295802125,2,0.15706306555634025,-0.27545316647684354
0.958662428783896,1,0,82,-0.49241719458464356,8,0,0.7380355060110603,0.7000539747632586,1,-0.8875544930966774,-0.9059547326007871
-1.186915388018159,0,2,102,1.178888758149343,1,1,-1.038086807482019,-2.016669248400581,2,1.201680624209358,1.616051531894987
0.243469823183211,1,0,101,0.2238567851584937,0,1,-0.4164439977594411,-0.20552043295802125,1,0.15706306555634025,0.3550483996471
-0.471722782417474,0,2,5,-0.3332451990861685,1,0,0.3828110433124441,0.7000539747632586,2,-0.8875544930966774,-0.9059547326007871
0.958662428783896,1,0,33,-0.9699331810800679,0,0,0.826841621685714,1.6056283824845383,1,-1.9321720517496952,-1.5364562987247306
-1.186915388018159,0,2,46,-1.367863169826255,3,0,1.359678315733638,1.6056283824845383,2,-1.9321720517496952,-2.166957864848674
0.243469823183211,1,0,44,0.3830287806569687,1,1,-0.15002565073547935,-1.111094840679301,2,0.15706306555634025,0.3550483996471
-0.471722782417474,0,2,89,-0.17407320358769351,2,1,0.20519881196313602,-0.20552043295802125,1,0.15706306555634025,-0.27545316647684354
0.958662428783896,1,0,82,-0.5720031923338806,8,0,0.826841621685714,0.7000539747632586,2,-0.8875544930966774,-0.9059547326007871
-1.186915388018159,0,2,102,1.3380607536478173,6,1,-1.2156990388313271,-2.016669248400581,1,1.201680624209358,1.616051531894987
0.243469823183211,1,0,101,0.14427078740925584,1,1,-0.32763788208478745,-0.20552043295802125,2,0.15706306555634025,0.3550483996471
-0.471722782417474,0,2,5,-0.41283119683540564,0,0,0.47161715898709855,0.7000539747632586,1,-0.8875544930966774,-0.9059547326007871
0.958662428783896,1,0,33,-1.0495191788293055,1,0,0.9156477373603683,1.6056283824845383,2,-1.9321720517496952,-1.5364562987247306
-1.186915388018159,0,2,46,-1.4474491675754926,3,0,1.4484844314082919,1.6056283824845383,2,-1.9321720517496952,-2.166957864848674
0.243469823183211,1,0,44,0.30344278290773086,6,1,-0.06121953506082571,-1.111094840679301,1,0.15706306555634025,0.9855499657710435
-0.471722782417474,0,2,89,-0.2536592013369314,2,1,0.29400492763779046,-0.20552043295802125,2,0.15706306555634025,-0.27545316647684354
0.958662428783896,1,0,82,-0.6515891900831186,8,0,0.9156477373603683,0.7000539747632586,1,-0.8875544930966774,-0.9059547326007871
-1.186915388018159,0,2,102,1.4176467513970552,1,1,-1.3045051545059807,-2.016669248400581,2,1.201680624209358,1.616051531894987
0.243469823183211,1,0,101,0.06468478966001867,0,1,-0.2388317664101338,-0.20552043295802125,1,0.15706306555634025,0.3550483996471
-0.471722782417474,0,2,5,-0.49241719458464356,1,0,0.5604232746617522,0.7000539747632586,2,-0.8875544930966774,-0.9059547326007871
0.958662428783896,1,0,33,-1.129105176578543,0,0,1.004453853035022,1.6056283824845383,1,-1.9321720517496952,-1.5364562987247306
-1.186915388018159,0,2,46,-1.52703516532473,3,0,1.5372905470829454,1.6056283824845383,2,-1.9321720517496952,-2.166957864848674
0.243469823183211,1,0,44,0.2238567851584937,1,1,0.027586580613828727,-1.111094840679301,2,0.15706306555634025,0.3550483996471
-0.471722782417474,0,2,89,-0.3332451990861685,2,1,0.3828110433124441,-0.20552043295802125,1,0.15706306555634025,-0.27545316647684354
0.958662428783896,1,0,82,-0.7311751878323557,8,0,1.004453853035022,0.7000539747632586,2,-0.8875544930966774,-0.9059547326007871
-1.186915388018159,0,2,102,1.4972327491462925,6,1,-1.3933112701806352,-2.016669248400581,1,1.201680624209358,1.616051531894987
0.243469823183211,1,0,101,-0.014901208089218486,1,1,-0.15002565073547935,-0.20552043295802125,2,0.15706306555634025,0.3550483996471
-0.471722782417474,0,2,5,-0.5720031923338806,0,0,0.6492293903364058,0.7000539747632586,1,-0.8875544930966774,-0.9059547326007871
0.958662428783896,1,0,33,-1.2086911743277804,1,0,1.0932599687096756,1.6056283824845383,2,-1.9321720517496952,-1.5364562987247306
-1.186915388018159,0,2,46,-1.6066211630739675,3,0,1.626096662757599,1.6056283824845383,2,-1.9321720517496952,-2.166957864848674
0.243469823183211,1,0,44,0.14427078740925584,6,1,0.11639269628848238,-1.111094840679301,1,0.15706306555634025,0.9855499657710435
-0.471722782417474,0,2,89,-0.41283119683540564,2,1,0.47161715898709855,-0.20552043295802125,2,0.15706306555634025,-0.27545316647684354
0.958662428783896,1,0,82,-0.8107611855815932,8,0,1.0932599687096756,0.7000539747632586,1,-0.8875544930966774,-0.9059547326007871
-1.186915388018159,0,2,102,1.5768187468955301,1,1,-1.4821173858552887,-2.016669248400581,2,1.201680624209358,1.616051531894987
0.243469823183211,1,0,101,-0.09448720583845635,0,1,-0.06121953506082571,-0.20552043295802125,1,0.15706306555634025,0.3550483996471
-0.471722782417474,0,2,5,-0.6515891900831186,1,0,0.7380355060110603,0.7000539747632586,2,-0.8875544930966774,-0.9059547326007871
0.958662428783896,1,0,33,-1.2882771720770179,0,0,1.1820660843843294,1.6056283824845383,1,-1.9321720517496952,-1.5364562987247306
-1.186915388018159,0,2,46,-1.686207160823205,3,0,1.7149027784322544,1.6056283824845383,2,-1.9321720517496952,-2.166957864848674
0.243469823183211,1,0,44,0.06468478966001867,1,1,0.20519881196313602,-1.111094840679301,2,0.15706306555634025,0.3550483996471
-0.471722782417474,0,2,89,-0.49241719458464356,2,1,0.5604232746617522,-0.20552043295802125,1,0.15706306555634025,-0.27545316647684354
0.958662428783896,1,0,82,-0.8903471833308307,8,0,1.1820660843843294,0.7000539747632586,2,-0.8875544930966774,-0.9059547326007871
-1.186915388018159,0,2,102,1.6564047446447674,6,1,-1.5709235015299432,-2.016669248400581,1,1.201680624209358,1.616051531894987
0.243469823183211,1,0,101,-0.17407320358769351,1,1,0.027586580613828727,-0.20552043295802125,2,0.15706306555634025,0.3550483996471
-0.471722782417474,0,2,5,-0.7311751878323557,0,0,0.826841621685714,0.7000539747632586,1,-0.8875544930966774,-0.9059547326007871
0.958662428783896,1,0,33,-1.367863169826255,1,0,1.2708722000589845,1.6056283824845383,2,-1.9321720517496952,-1.5364562987247306
-1.186915388018159,0,2,46,-1.7657931585724422,3,0,1.803708894106908,1.6056283824845383,2,-1.9321720517496952,-2.166957864848674
0.243469823183211,1,0,44,-0.014901208089218486,6,1,0.29400492763779046,-1.111094840679301,1,0.15706306555634025,0.9855499657710435
-0.471722782417474,0,2,89,-0.5720031923338806,2,1,0.6492293903364058,-0.20552043295802125,2,0.15706306555634025,-0.27545316647684354
0.958662428783896,1,0,82,-0.9699331810800679,8,0,1.2708722000589845,0.7000539747632586,1,-0.8875544930966774,-0.9059547326007871
-1.186915388018159,0,2,102,1.7359907423940046,1,1,-1.659729617204597,-2.016669248400581,2,1.201680624209358,1.616051531894987
0.243469823183211,1,0,101,-0.2536592013369314,0,1,0.11639269628848238,-0.20552043295802125,1,0.15706306555634025,0.3550483996471
-0.471722782417474,0,2,5,-0.8107611855815932,1,0,0.9156477373603683,0.7000539747632586,2,-0.8875544930966774,-0.9059547326007871
0.958662428783896,1,0,33,-1.4474491675754926,0,0,1.359678315733638,1.6056283824845383,1,-1.9321720517496952,-1.5364562987247306
-1.186915388018159,0,2,90,0.2238567851584937,1,1,-0.06121953506082571,-0.20552043295802125,2,0.15706306555634025,0.3550483996471
0.243469823183211,1,0,26,-0.6515891900831186,0,0,0.826841621685714,1.6056283824845383,1,-0.8875544930966774,-1.5364562987247306
-0.471722782417474,0,2,42,0.06468478966001867,1,1,0.11639269628848238,0.7000539747632586,2,0.15706306555634025,-0.27545316647684354
0.958662428783896,1,0,39,0.701372771653918,10,1,-0.32763788208478745,-1.111094840679301,1,1.201680624209358,0.9855499657710435
-1.186915388018159,0,2,93,-0.7311751878323557,1,0,0.9156477373603683,1.6056283824845383,2,-0.8875544930966774,-1.5364562987247306
0.243469823183211,1,0,99,0.46261477840620585,1,1,-0.15002565073547935,-0.20552043295802125,2,0.15706306555634025,0.3550483996471
-0.471722782417474,0,2,102,1.4972327491462925,6,1,-1.2156990388313271,-1.111094840679301,1,1.201680624209358,1.616051531894987
0.958662428783896,1,0,61,0.542200776155443,10,1,-0.2388317664101338,-0.20552043295802125,2,0.15706306555634025,0.3550483996471
-1.186915388018159,0,2,31,-0.3332451990861685,1,0,0.5604232746617522,0.7000539747632586,1,-0.8875544930966774,-0.9059547326007871
0.243469823183211,1,0,18,0.30344278290773086,1,1,0.027586580613828727,-0.20552043295802125,2,0.15706306555634025,0.3550483996471
-0.471722782417474,0,2,90,0.14427078740925584,6,1,-0.15002565073547935,-0.20552043295802125,2,0.15706306555634025,0.3550483996471
0.958662428783896,1,0,26,-0.8107611855815932,0,0,0.9156477373603683,1.6056283824845383,1,-0.8875544930966774,-1.5364562987247306
-1.186915388018159,0,2,42,-0.09448720583845635,1,1,0.20519881196313602,0.7000539747632586,2,0.15706306555634025,-0.27545316647684354
0.243469823183211,1,0,39,0.7809587694031559,10,1,-0.4164439977594411,-1.111094840679301,1,1.201680624209358,0.9855499657710435
-0.471722782417474,0,2,93,-0.8903471833308307,1,0,1.004453853035022,1.6056283824845383,2,-0.8875544930966774,-1.5364562987247306
0.958662428783896,1,0,99,0.3830287806569687,6,1,-0.06121953506082571,-0.20552043295802125,2,0.15706306555634025,0.3550483996471
-1.186915388018159,0,2,102,1.5768187468955301,1,1,-1.3045051545059807,-1.111094840679301,1,1.201680624209358,1.616051531894987
0.243469823183211,1,0,61,0.6217867739046808,10,1,-0.32763788208478745,-0.20552043295802125,2,0.15706306555634025,0.3550483996471
-0.471722782417474,0,2,31,-0.41283119683540564,1,0,0.6492293903364058,0.7000539747632586,1,-0.8875544930966774,-0.9059547326007871
0.958662428783896,1,0,18,0.2238567851584937,6,1,0.11639269628848238,-0.20552043295802125,2,0.15706306555634025,0.3550483996471
-1.186915388018159,0,2,90,0.06468478966001867,1,1,0.027586580613828727,-0.20552043295802125,2,0.15706306555634025,0.3550483996471
0.243469823183211,1,0,26,-0.8903471833308307,0,0,1.004453853035022,1.6056283824845383,1,-0.8875544930966774,-1.5364562987247306
-0.471722782417474,0,2,42,-0.17407320358769351,6,1,0.29400492763779046,0.7000539747632586,2,0.15706306555634025,-0.27545316647684354
0.958662428783896,1,0,39,0.860544767152393,10,1,-0.5052501134340955,-1.111094840679301,1,1.201680624209358,0.9855499657710435
-1.186915388018159,0,2,93,-0.9699331810800679,1,0,1.0932599687096756,1.6056283824845383,2,-0.8875544930966774,-1.5364562987247306
0.243469823183211,1,0,99,0.30344278290773086,1,1,0.027586580613828727,-0.20552043295802125,2,0.15706306555634025,0.3550483996471
-0.471722782417474,0,2,102,1.6564047446447674,6,1,-1.3933112701806352,-1.111094840679301,1,1.201680624209358,1.616051531894987
0.958662428783896,1,0,61,0.701372771653918,10,1,-0.4164439977594411,-0.20552043295802125,2,0.15706306555634025,0.3550483996471
-1.186915388018159,0,2,31,-0.49241719458464356,1,0,0.7380355060110603,0.7000539747632586,1,-0.8875544930966774,-0.9059547326007871
0.243469823183211,1,0,18,0.14427078740925584,1,1,0.20519881196313602,-0.20552043295802125,2,0.15706306555634025,0.3550483996471
-0.471722782417474,0,2,90,-0.014901208089218486,6,1,0.11639269628848238,-0.20552043295802125,2,0.15706306555634025,0.3550483996471
0.958662428783896,1,0,26,-0.9699331810800679,0,0,1.0932599687096756,1.6056283824845383,1,-0.8875544930966774,-1.5364562987247306
-1.186915388018159,0,2,42,-0.2536592013369314,1,1,0.3828110433124441,0.7000539747632586,2,0.15706306555634025,-0.27545316647684354
0.243469823183211,1,0,39,0.9401307649016302,10,1,-0.5940562291087492,-1.111094840679301,1,1.201680624209358,0.9855499657710435
-0.471722782417474,0,2,93,-1.0495191788293055,1,0,1.1820660843843294,1.6056283824845383,2,-0.8875544930966774,-1.5364562987247306
0.958662428783896,1,0,99,0.2238567851584937,6,1,0.11639269628848238,-0.20552043295802125,2,0.15706306555634025,0.3550483996471
-1.186915388018159,0,2,102,1.7359907423940046,1,1,-1.4821173858552887,-1.111094840679301,1,1.201680624209358,1.616051531894987
0.243469823183211,1,0,61,0.7809587694031559,10,1,-0.5052501134340955,-0.20552043295802125,2,0.15706306555634025,0.3550483996471
-0.471722782417474,0,2,31,-0.5720031923338806,1,0,0.826841621685714,0.7000539747632586,1,-0.8875544930966774,-0.9059547326007871
0.958662428783896,1,0,18,0.06468478966001867,6,1,0.29400492763779046,-0.20552043295802125,2,0.15706306555634025,0.3550483996471
-1.186915388018159,0,2,90,-0.09448720583845635,1,1,0.20519881196313602,-0.20552043295802125,2,0.15706306555634025,0.3550483996471
0.243469823183211,1,0,26,-1.0495191788293055,0,0,1.1820660843843294,1.6056283824845383,1,-0.8875544930966774,-1.5364562987247306
-0.471722782417474,0,2,42,-0.3332451990861685,6,1,0.47161715898709855,0.7000539747632586,2,0.15706306555634025,-0.27545316647684354
0.958662428783896,1,0,39,1.019716762650868,10,1,-0.6828623447834036,-1.111094840679301,1,1.201680624209358,0.9855499657710435
-1.186915388018159,0,2,93,-1.129105176578543,1,0,1.2708722000589845,1.6056283824845383,2,-0.8875544930966774,-1.5364562987247306
0.243469823183211,1,0,99,0.14427078740925584,1,1,0.20519881196313602,-0.20552043295802125,2,0.15706306555634025,0.3550483996471
-0.471722782417474,0,2,102,1.8155767401432423,6,1,-1.5709235015299432,-1.111094840679301,1,1.201680624209358,1.616051531894987
0.958662428783896,1,0,61,0.860544767152393,10,1,-0.5940562291087492,-0.20552043295802125,2,0.15706306555634025,0.3550483996471
-1.186915388018159,0,2,31,-0.6515891900831186,1,0,0.9156477373603683,0.7000539747632586,1,-0.8875544930966774,-0.9059547326007871
0.243469823183211,1,0,18,-0.014901208089218486,1,1,0.3828110433124441,-0.20552043295802125,2,0.15706306555634025,0.3550483996471
-0.471722782417474,0,2,90,-0.17407320358769351,6,1,0.29400492763779046,-0.20552043295802125,2,0.15706306555634025,0.3550483996471
0.958662428783896,1,0,26,-1.129105176578543,0,0,1.2708722000589845,1.6056283824845383,1,-0.8875544930966774,-1.5364562987247306
-1.186915388018159,0,2,42,-0.41283119683540564,1,1,0.5604232746617522,0.7000539747632586,2,0.15706306555634025,-0.27545316647684354
0.243469823183211,1,0,39,1.099302760400105,10,1,-0.7716684604580573,-1.111094840679301,1,1.201680624209358,0.9855499657710435
-0.471722782417474,0,2,93,-1.2086911743277804,1,0,1.359678315733638,1.6056283824845383,2,-0.8875544930966774,-1.5364562987247306
0.958662428783896,1,0,99,0.06468478966001867,6,1,0.29400492763779046,-0.20552043295802125,2,0.15706306555634025,0.3550483996471
-1.186915388018159,0,2,102,1.8951627378924796,1,1,-1.659729617204597,-1.111094840679301,1,1.201680624209358,1.616051531894987
0.243469823183211,1,0,61,0.9401307649016302,10,1,-0.6828623447834036,-0.20552043295802125,2,0.15706306555634025,0.3550483996471
-0.471722782417474,0,2,31,-0.7311751878323557,1,0,1.004453853035022,0.7000539747632586,1,-0.8875544930966774,-0.9059547326007871
0.958662428783896,1,0,18,-0.09448720583845635,6,1,0.47161715898709855,-0.20552043295802125,2,0.15706306555634025,0.3550483996471
-1.186915388018159,0,2,90,-0.2536592013369314,1,1,0.3828110433124441,-0.20552043295802125,2,0.15706306555634025,0.3550483996471
0.243469823183211,1,0,26,-1.2086911743277804,0,0,1.359678315733638,1.6056283824845383,1,-0.8875544930966774,-1.5364562987247306
-0.471722782417474,0,2,42,-0.49241719458464356,6,1,0.6492293903364058,0.7000539747632586,2,0.15706306555634025,-0.27545316647684354
0.958662428783896,1,0,39,1.178888758149343,10,1,-0.8604745761327109,-1.111094840679301,1,1.201680624209358,0.9855499657710435
-1.186915388018159,0,2,93,-1.2882771720770179,1,0,1.4484844314082919,1.6056283824845383,2,-0.8875544930966774,-1.5364562987247306
0.243469823183211,1,0,99,-0.014901208089218486,1,1,0.3828110433124441,-0.20552043295802125,2,0.15706306555634025,0.3550483996471
-0.471722782417474,0,2,102,1.9747487356417175,6,1,-1.7485357328792506,-1.111094840679301,1,1.201680624209358,1.616051531894987
0.958662428783896,1,0,61,1.019716762650868,10,1,-0.7716684604580573,-0.20552043295802125,2,0.15706306555634025,0.3550483996471
-1.186915388018159,0,2,31,-0.8107611855815932,1,0,1.0932599687096756,0.7000539747632586,1,-0.8875544930966774,-0.9059547326007871
0.243469823183211,1,0,18,-0.17407320358769351,1,1,0.5604232746617522,-0.20552043295802125,2,0.15706306555634025,0.3550483996471
-0.471722782417474,0,2,90,-0.3332451990861685,6,1,0.47161715898709855,-0.20552043295802125,2,0.15706306555634025,0.3550483996471
0.958662428783896,1,0,26,-1.2882771720770179,0,0,1.4484844314082919,1.6056283824845383,1,-0.8875544930966774,-1.5364562987247306
-1.186915388018159,0,2,42,-0.5720031923338806,1,1,0.7380355060110603,0.7000539747632586,2,0.15706306555634025,-0.27545316647684354
0.243469823183211,1,0,39,1.2584747558985803,10,1,-0.9492806918073653,-1.111094840679301,1,1.201680624209358,0.9855499657710435
-0.471722782417474,0,2,93,-1.367863169826255,1,0,1.5372905470829454,1.6056283824845383,2,-0.8875544930966774,-1.5364562987247306
0.958662428783896,1,0,99,-0.09448720583845635,6,1,0.47161715898709855,-0.20552043295802125,2,0.15706306555634025,0.3550483996471
-1.186915388018159,0,2,102,2.0543347333909545,1,1,-1.837341848553905,-1.111094840679301,1,1.201680624209358,1.616051531894987
0.243469823183211,1,0,61,1.099302760400105,10,1,-0.8604745761327109,-0.20552043295802125,2,0.15706306555634025,0.3550483996471
-0.471722782417474,0,2,31,-0.8903471833308307,1,0,1.1820660843843294,0.7000539747632586,1,-0.8875544930966774,-0.9059547326007871
0.958662428783896,1,0,18,-0.2536592013369314,6,1,0.6492293903364058,-0.20552043295802125,2,0.15706306555634025,0.3550483996471
-1.186915388018159,0,2,90,-0.41283119683540564,1,1,0.5604232746617522,-0.20552043295802125,2,0.15706306555634025,0.3550483996471
0.243469823183211,1,0,26,-1.367863169826255,0,0,1.5372905470829454,1.6056283824845383,1,-0.8875544930966774,-1.5364562987247306
-0.471722782417474,0,2,42,-0.6515891900831186,6,1,0.826841621685714,0.7000539747632586,2,0.15706306555634025,-0.27545316647684354
0.958662428783896,1,0,39,1.3380607536478173,10,1,-1.038086807482019,-1.111094840679301,1,1.201680624209358,0.9855499657710435
-1.186915388018159,0,2,93,-1.4474491675754926,1,0,1.626096662757599,1.6056283824845383,2,-0.8875544930966774,-1.5364562987247306
0.243469823183211,1,0,99,-0.17407320358769351,1,1,0.5604232746617522,-0.20552043295802125,2,0.15706306555634025,0.3550483996471
-0.471722782417474,0,2,102,2.1339207311401918,6,1,-1.9261479642285586,-1.111094840679301,1,1.201680624209358,1.616051531894987
0.958662428783896,1,0,61,1.178888758149343,10,1,-0.9492806918073653,-0.20552043295802125,2,0.15706306555634025,0.3550483996471
-1.186915388018159,0,2,31,-0.9699331810800679,1,0,1.2708722000589845,0.7000539747632586,1,-0.8875544930966774,-0.9059547326007871
0.243469823183211,1,0,18,-0.3332451990861685,1,1,0.7380355060110603,-0.20552043295802125,2,0.15706306555634025,0.3550483996471
-0.471722782417474,0,2,90,-0.49241719458464356,6,1,0.6492293903364058,-0.20552043295802125,2,0.15706306555634025,0.3550483996471
0.958662428783896,1,0,26,-1.4474491675754926,0,0,1.626096662757599,1.6056283824845383,1,-0.8875544930966774,-1.5364562987247306
-1.186915388018159,0,2,42,-0.7311751878323557,1,1,0.9156477373603683,0.7000539747632586,2,0.15706306555634025,-0.27545316647684354
0.243469823183211,1,0,39,1.4176467513970552,10,1,-1.1268929231566733,-1.111094840679301,1,1.201680624209358,0.9855499657710435
-0.471722782417474,0,2,93,-1.52703516532473,1,0,1.7149027784322544,1.6056283824845383,2,-0.8875544930966774,-1.5364562987247306
0.958662428783896,1,0,99,-0.2536592013369314,6,1,0.6492293903364058,-0.20552043295802125,2,0.15706306555634025,0.3550483996471
-1.186915388018159,0,2,102,2.2135067288894295,1,1,-2.014954079903213,-1.111094840679301,1,1.201680624209358,1.616051531894987
0.243469823183211,1,0,61,1.2584747558985803,10,1,-1.038086807482019,-0.20552043295802125,2,0.15706306555634025,0.3550483996471
-0.471722782417474,0,2,31,-1.0495191788293055,1,0,1.359678315733638,0.7000539747632586,1,-0.8875544930966774,-0.9059547326007871
0.958662428783896,1,0,18,-0.41283119683540564,6,1,0.826841621685714,-0.20552043295802125,2,0.15706306555634025,0.3550483996471
-1.186915388018159,0,2,90,-0.5720031923338806,1,1,0.7380355060110603,-0.20552043295802125,2,0.15706306555634025,0.3550483996471
0.243469823183211,1,0,26,-1.52703516532473,0,0,1.7149027784322544,1.6056283824845383,1,-0.8875544930966774,-1.5364562987247306
-0.471722782417474,0,2,42,-0.8107611855815932,6,1,1.004453853035022,0.7000539747632586,2,0.15706306555634025,-0.27545316647684354
0.958662428783896,1,0,39,1.4972327491462925,10,1,-1.2156990388313271,-1.111094840679301,1,1.201680624209358,0.9855499657710435
-1.186915388018159,0,2,93,-1.6066211630739675,1,0,1.803708894106908,1.6056283824845383,2,-0.8875544930966774,-1.5364562987247306
0.243469823183211,1,0,99,-0.3332451990861685,1,1,0.7380355060110603,-0.20552043295802125,2,0.15706306555634025,0.3550483996471
-0.471722782417474,0,2,102,2.2930927266386667,6,1,-2.1037601955778666,-1.111094840679301,1,1.201680624209358,1.616051531894987
0.958662428783896,1,0,61,1.3380607536478173,10,1,-1.1268929231566733,-0.20552043295802125,2,0.15706306555634025,0.3550483996471
-1.186915388018159,0,2,31,-1.129105176578543,1,0,1.4484844314082919,0.7000539747632586,1,-0.8875544930966774,-0.9059547326007871
0.243469823183211,1,0,18,-0.49241719458464356,1,1,0.9156477373603683,-0.20552043295802125,2,0.15706306555634025,0.3550483996471
-0.471722782417474,0,2,90,-0.6515891900831186,6,1,0.826841621685714,-0.20552043295802125,2,0.15706306555634025,0.3550483996471
0.958662428783896,1,0,26,-1.6066211630739675,0,0,1.803708894106908,1.6056283824845383,1,-0.8875544930966774,-1.5364562987247306
-1.186915388018159,0,2,42,-0.8903471833308307,1,1,1.0932599687096756,0.7000539747632586,2,0.15706306555634025,-0.27545316647684354
0.243469823183211,1,0,39,1.5768187468955301,10,1,-1.3045051545059807,-1.111094840679301,1,1.201680624209358,0.9855499657710435
-0.471722782417474,0,2,93,-1.686207160823205,1,0,1.8925150097815617,1.6056283824845383,2,-0.8875544930966774,-1.5364562987247306
0.958662428783896,1,0,99,-0.41283119683540564,6,1,0.826841621685714,-0.20552043295802125,2,0.15706306555634025,0.3550483996471
-1.186915388018159,0,2,102,2.372678724387905,1,1,-2.1925663112525204,-1.111094840679301,1,1.201680624209358,1.616051531894987
0.243469823183211,1,0,61,1.4176467513970552,10,1,-1.2156990388313271,-0.20552043295802125,2,0.15706306555634025,0.3550483996471
-0.471722782417474,0,2,31,-1.2086911743277804,1,0,1.5372905470829454,0.7000539747632586,1,-0.8875544930966774,-0.9059547326007871
0.958662428783896,1,0,18,-0.5720031923338806,6,1,1.004453853035022,-0.20552043295802125,2,0.15706306555634025,0.3550483996471
-1.186915388018159,0,2,90,-0.7311751878323557,1,1,0.9156477373603683,-0.20552043295802125,2,0.15706306555634025,0.3550483996471
0.243469823183211,1,0,26,-1.686207160823205,0,0,1.8925150097815617,1.6056283824845383,1,-0.8875544930966774,-1.5364562987247306
-0.471722782417474,0,2,42,-0.9699331810800679,6,1,1.1820660843843294,0.7000539747632586,2,0.15706306555634025,-0.27545316647684354
0.958662428783896,1,0,39,1.6564047446447674,10,1,-1.3933112701806352,-1.111094840679301,1,1.201680624209358,0.9855499657710435
-1.186915388018159,0,2,93,-1.7657931585724422,1,0,1.9813211254562153,1.6056283824845383,2,-0.8875544930966774,-1.5364562987247306
0.243469823183211,1,0,99,-0.49241719458464356,1,1,0.9156477373603683,-0.20552043295802125,2,0.15706306555634025,0.3550483996471
-0.471722782417474,0,2,102,2.4522647221371416,6,1,-2.2813724269271747,-1.111094840679301,1,1.201680624209358,1.616051531894987
0.958662428783896,1,0,61,1.4972327491462925,10,1,-1.3045051545059807,-0.20552043295802125,2,0.15706306555634025,0.3550483996471
-1.186915388018159,0,2,31,-1.2882771720770179,1,0,1.626096662757599,0.7000539747632586,1,-0.8875544930966774,-0.9059547326007871
0.243469823183211,1,0,18,-0.6515891900831186,1,1,1.0932599687096756,-0.20552043295802125,2,0.15706306555634025,0.3550483996471
-0.471722782417474,0,2,90,-0.8107611855815932,6,1,1.004453853035022,-0.20552043295802125,2,0.15706306555634025,0.3550483996471
0.958662428783896,1,0,26,-1.7657931585724422,0,0,1.9813211254562153,1.6056283824845383,1,-0.8875544930966774,-1.5364562987247306
-1.186915388018159,0,2,42,-1.0495191788293055,1,1,1.2708722000589845,0.7000539747632586,2,0.15706306555634025,-0.27545316647684354
0.243469823183211,1,0,39,1.7359907423940046,10,1,-1.4821173858552887,-1.111094840679301,1,1.201680624209358,0.9855499657710435
-0.471722782417474,0,2,93,-1.8453791563216797,1,0,2.070127241130869,1.6056283824845383,2,-0.8875544930966774,-1.5364562987247306
0.958662428783896,1,0,99,-0.5720031923338806,6,1,1.004453853035022,-0.20552043295802125,2,0.15706306555634025,0.3550483996471
-1.186915388018159,0,2,102,2.531850719886379,1,1,-2.3701785426018285,-1.111094840679301,1,1.201680624209358,1.616051531894987
0.243469823183211,1,0,61,1.5768187468955301,10,1,-1.3933112701806352,-0.20552043295802125,2,0.15706306555634025,0.3550483996471
-0.471722782417474,0,2,31,-1.367863169826255,1,0,1.7149027784322544,0.7000539747632586,1,-0.8875544930966774,-0.9059547326007871
0.958662428783896,1,0,18,-0.7311751878323557,6,1,1.1820660843843294,-0.20552043295802125,2,0.15706306555634025,0.3550483996471
-1.186915388018159,0,2,90,-0.8903471833308307,1,1,1.0932599687096756,-0.20552043295802125,2,0.15706306555634025,0.3550483996471
0.243469823183211,1,0,26,-1.8453791563216797,0,0,2.070127241130869,1.6056283824845383,1,-0.8875544930966774,-1.5364562987247306
-0.471722782417474,0,2,42,-1.129105176578543,6,1,1.359678315733638,0.7000539747632586,2,0.15706306555634025,-0.27545316647684354
0.958662428783896,1,0,39,1.8155767401432423,10,1,-1.5709235015299432,-1.111094840679301,1,1.201680624209358,0.9855499657710435
-1.186915388018159,0,2,93,-1.9249651540709172,1,0,2.158933356805524,1.6056283824845383,2,-0.8875544930966774,-1.5364562987247306
0.243469823183211,1,0,99,-0.6515891900831186,1,1,1.0932599687096756,-0.20552043295802125,2,0.15706306555634025,0.3550483996471
-0.471722782417474,0,2,102,2.611436717635616,6,1,-2.4589846582764827,-1.111094840679301,1,1.201680624209358,1.616051531894987
0.958662428783896,1,0,61,1.6564047446447674,10,1,-1.4821173858552887,-0.20552043295802125,2,0.15706306555634025,0.3550483996471
-1.186915388018159,0,2,31,-1.4474491675754926,1,0,1.803708894106908,0.7000539747632586,1,-0.8875544930966774,-0.9059547326007871
0.243469823183211,1,0,18,-0.8107611855815932,1,1,1.2708722000589845,-0.20552043295802125,2,0.15706306555634025,0.3550483996471
-0.471722782417474,0,2,90,-0.9699331810800679,6,1,1.1820660843843294,-0.20552043295802125,2,0.15706306555634025,0.3550483996471
0.958662428783896,1,0,26,-1.9249651540709172,0,0,2.158933356805524,1.6056283824845383,1,-0.8875544930966774,-1.5364562987247306
-1.186915388018159,0,2,42,-1.2086911743277804,1,1,1.4484844314082919,0.7000539747632586,2,0.15706306555634025,-0.27545316647684354
0.243469823183211,1,0,39,1.8951627378924796,10,1,-1.659729617204597,-1.111094840679301,1,1.201680624209358,0.9855499657710435
-0.471722782417474,0,2,93,-2.004551151820155,1,0,2.247739472480178,1.6056283824845383,2,-0.8875544930966774,-1.5364562987247306
0.958662428783896,1,0,99,-0.7311751878323557,6,1,1.1820660843843294,-0.20552043295802125,2,0.15706306555634025,0.3550483996471
-1.186915388018159,0,2,102,2.6910227153848547,1,1,-2.5477907739511365,-1.111094840679301,1,1.201680624209358,1.616051531894987
0.243469823183211,1,0,61,1.7359907423940046,10,1,-1.5709235015299432,-0.20552043295802125,2,0.15706306555634025,0.3550483996471
-0.471722782417474,0,2,31,-1.52703516532473,1,0,1.8925150097815617,0.7000539747632586,1,-0.8875544930966774,-0.9059547326007871
0.958662428783896,1,0,18,-0.8903471833308307,6,1,1.359678315733638,-0.20552043295802125,2,0.15706306555634025,0.3550483996471
-1.186915388018159,0,2,90,-1.0495191788293055,1,1,1.2708722000589845,-0.20552043295802125,2,0.15706306555634025,0.3550483996471
0.243469823183211,1,0,26,-2.004551151820155,0,0,2.247739472480178,1.6056283824845383,1,-0.8875544930966774,-1.5364562987247306
-0.471722782417474,0,2,42,-1.2882771720770179,6,1,1.5372905470829454,0.7000539747632586,2,0.15706306555634025,-0.27545316647684354
0.958662428783896,1,0,39,1.9747487356417175,10,1,-1.7485357328792506,-1.111094840679301,1,1.201680624209358,0.9855499657710435
-1.186915388018159,0,2,93,-2.084137149569392,1,0,2.3365455881548316,1.6056283824845383,2,-0.8875544930966774,-1.5364562987247306
0.243469823183211,1,0,99,-0.8107611855815932,1,1,1.2708722000589845,-0.20552043295802125,2,0.15706306555634025,0.3550483996471
-0.471722782417474,0,2,102,2.770608713134092,6,1,-2.6365968896257908,-1.111094840679301,1,1.201680624209358,1.616051531894987
0.958662428783896,1,0,61,1.8155767401432423,10,1,-1.659729617204597,-0.20552043295802125,2,0.15706306555634025,0.3550483996471
-1.186915388018159,0,2,31,-1.6066211630739675,1,0,1.9813211254562153,0.7000539747632586,1,-0.8875544930966774,-0.9059547326007871
0.243469823183211,1,0,18,-0.9699331810800679,1,1,1.4484844314082919,-0.20552043295802125,2,0.15706306555634025,0.3550483996471
-0.471722782417474,0,2,90,-1.129105176578543,6,1,1.359678315733638,-0.20552043295802125,2,0.15706306555634025,0.3550483996471
0.958662428783896,1,0,26,-2.084137149569392,0,0,2.3365455881548316,1.6056283824845383,1,-0.8875544930966774,-1.5364562987247306
-1.186915388018159,0,2,42,-1.367863169826255,1,1,1.626096662757599,0.7000539747632586,2,0.15706306555634025,-0.27545316647684354
0.243469823183211,1,0,39,2.0543347333909545,10,1,-1.837341848553905,-1.111094840679301,1,1.201680624209358,0.9855499657710435
-0.471722782417474,0,2,93,-2.1637231473186294,1,0,2.425351703829485,1.6056283824845383,2,-0.8875544930966774,-1.5364562987247306
0.958662428783896,1,0,99,-0.8903471833308307,6,1,1.359678315733638,-0.20552043295802125,2,0.15706306555634025,0.3550483996471
-1.186915388018159,0,2,102,2.8501947108833288,1,1,-2.7254030053004445,-1.111094840679301,1,1.201680624209358,1.616051531894987
0.243469823183211,1,0,61,1.8951627378924796,10,1,-1.7485357328792506,-0.20552043295802125,2,0.15706306555634025,0.3550483996471
-0.471722782417474,0,2,31,-1.686207160823205,1,0,2.070127241130869,0.7000539747632586,1,-0.8875544930966774,-0.9059547326007871
0.958662428783896,1,0,18,-1.0495191788293055,6,1,1.5372905470829454,-0.20552043295802125,2,0.15706306555634025,0.3550483996471
-1.186915388018159,0,2,16,1.019716762650868,10,1,-0.5052501134340955,-0.20552043295802125,2,0.15706306555634025,0.3550483996471
0.243469823183211,1,0,20,-0.3332451990861685,9,0,0.826841621685714,0.7000539747632586,1,-0.8875544930966774,-0.9059547326007871
-0.471722782417474,0,2,67,-0.8903471833308307,1,0,1.1820660843843294,1.6056283824845383,2,-0.8875544930966774,-1.5364562987247306
0.958662428783896,1,0,68,-0.17407320358769351,1,1,0.5604232746617522,0.7000539747632586,1,0.15706306555634025,-0.27545316647684354
-1.186915388018159,0,2,85,0.14427078740925584,6,1,0.11639269628848238,-0.20552043295802125,2,0.15706306555634025,0.3550483996471
0.243469823183211,1,0,58,0.46261477840620585,10,1,-0.06121953506082571,-0.20552043295802125,2,0.15706306555634025,0.3550483996471
-0.471722782417474,0,2,100,1.2584747558985803,1,1,-0.32763788208478745,-1.111094840679301,1,1.201680624209358,0.9855499657710435
0.958662428783896,1,0,78,-0.5720031923338806,0,0,0.9156477373603683,0.7000539747632586,2,-0.8875544930966774,-0.9059547326007871
-1.186915388018159,0,2,39,1.4972327491462925,10,1,-0.7716684604580573,-1.111094840679301,1,1.201680624209358,0.9855499657710435
0.243469823183211,1,0,18,-0.09448720583845635,1,1,0.47161715898709855,0.7000539747632586,2,0.15706306555634025,-0.27545316647684354
-0.471722782417474,0,2,16,0.9401307649016302,1,1,-0.4164439977594411,-0.20552043295802125,2,0.15706306555634025,0.3550483996471
0.958662428783896,1,0,20,-0.41283119683540564,9,0,0.9156477373603683,0.7000539747632586,1,-0.8875544930966774,-0.9059547326007871
-1.186915388018159,0,2,67,-0.9699331810800679,6,0,1.2708722000589845,1.6056283824845383,2,-0.8875544930966774,-1.5364562987247306
0.243469823183211,1,0,68,-0.2536592013369314,1,1,0.6492293903364058,0.7000539747632586,1,0.15706306555634025,-0.27545316647684354
-0.471722782417474,0,2,85,0.2238567851584937,6,1,0.027586580613828727,-0.20552043295802125,2,0.15706306555634025,0.3550483996471
0.958662428783896,1,0,58,0.542200776155443,10,1,-0.15002565073547935,-0.20552043295802125,2,0.15706306555634025,0.3550483996471
-1.186915388018159,0,2,100,1.3380607536478173,1,1,-0.4164439977594411,-1.111094840679301,1,1.201680624209358,0.9855499657710435
0.243469823183211,1,0,78,-0.6515891900831186,0,0,1.004453853035022,0.7000539747632586,2,-0.8875544930966774,-0.9059547326007871
-0.471722782417474,0,2,39,1.5768187468955301,10,1,-0.8604745761327109,-1.111094840679301,1,1.201680624209358,0.9855499657710435
0.958662428783896,1,0,18,-0.17407320358769351,6,1,0.5604232746617522,0.7000539747632586,2,0.15706306555634025,-0.27545316647684354
-1.186915388018159,0,2,16,0.860544767152393,10,1,-0.32763788208478745,-0.20552043295802125,2,0.15706306555634025,0.3550483996471
0.243469823183211,1,0,20,-0.49241719458464356,9,0,1.004453853035022,0.7000539747632586,1,-0.8875544930966774,-0.9059547326007871
-0.471722782417474,0,2,67,-1.0495191788293055,1,0,1.359678315733638,1.6056283824845383,2,-0.8875544930966774,-1.5364562987247306
0.958662428783896,1,0,68,-0.3332451990861685,0,1,0.7380355060110603,0.7000539747632586,1,0.15706306555634025,-0.27545316647684354
-1.186915388018159,0,2,85,0.30344278290773086,6,1,-0.06121953506082571,-0.20552043295802125,2,0.15706306555634025,0.3550483996471
0.243469823183211,1,0,58,0.6217867739046808,10,1,-0.2388317664101338,-0.20552043295802125,2,0.15706306555634025,0.3550483996471
-0.471722782417474,0,2,100,1.4176467513970552,1,1,-0.5052501134340955,-1.111094840679301,1,1.201680624209358,0.9855499657710435
0.958662428783896,1,0,78,-0.7311751878323557,0,0,1.0932599687096756,0.7000539747632586,2,-0.8875544930966774,-0.9059547326007871
-1.186915388018159,0,2,39,1.6564047446447674,10,1,-0.9492806918073653,-1.111094840679301,1,1.201680624209358,0.9855499657710435
0.243469823183211,1,0,18,-0.2536592013369314,1,1,0.6492293903364058,0.7000539747632586,2,0.15706306555634025,-0.27545316647684354
-0.471722782417474,0,2,16,0.7809587694031559,6,1,-0.2388317664101338,-0.20552043295802125,2,0.15706306555634025,0.3550483996471
0.958662428783896,1,0,20,-0.5720031923338806,9,0,1.0932599687096756,0.7000539747632586,1,-0.8875544930966774,-0.9059547326007871
-1.186915388018159,0,2,67,-1.129105176578543,1,0,1.4484844314082919,1.6056283824845383,2,-0.8875544930966774,-1.5364562987247306
0.243469823183211,1,0,68,-0.41283119683540564,0,1,0.826841621685714,0.7000539747632586,1,0.15706306555634025,-0.27545316647684354
-0.471722782417474,0,2,85,0.3830287806569687,6,1,-0.15002565073547935,-0.20552043295802125,2,0.15706306555634025,0.3550483996471
0.958662428783896,1,0,58,0.701372771653918,10,1,-0.32763788208478745,-0.20552043295802125,2,0.15706306555634025,0.3550483996471
-1.186915388018159,0,2,100,1.4972327491462925,1,1,-0.5940562291087492,-1.111094840679301,1,1.201680624209358,0.9855499657710435
0.243469823183211,1,0,78,-0.8107611855815932,0,0,1.1820660843843294,0.7000539747632586,2,-0.8875544930966774,-0.9059547326007871
-0.471722782417474,0,2,39,1.7359907423940046,10,1,-1.038086807482019,-1.111094840679301,1,1.201680624209358,0.9855499657710435
0.958662428783896,1,0,18,-0.3332451990861685,6,1,0.7380355060110603,0.7000539747632586,2,0.15706306555634025,-0.27545316647684354
-1.186915388018159,0,2,16,0.701372771653918,10,1,-0.15002565073547935,-0.20552043295802125,2,0.15706306555634025,0.3550483996471
0.243469823183211,1,0,20,-0.6515891900831186,9,0,1.1820660843843294,0.7000539747632586,1,-0.8875544930966774,-0.9059547326007871
-0.471722782417474,0,2,67,-1.2086911743277804,1,0,1.5372905470829454,1.6056283824845383,2,-0.8875544930966774,-1.5364562987247306
0.958662428783896,1,0,68,-0.49241719458464356,1,1,0.9156477373603683,0.7000539747632586,1,0.15706306555634025,-0.27545316647684354
-1.186915388018159,0,2,85,0.46261477840620585,6,1,-0.2388317664101338,-0.20552043295802125,2,0.15706306555634025,0.3550483996471
0.243469823183211,1,0,58,0.7809587694031559,10,1,-0.4164439977594411,-0.20552043295802125,2,0.15706306555634025,0.3550483996471
-0.471722782417474,0,2,100,1.5768187468955301,1,1,-0.6828623447834036,-1.111094840679301,1,1.201680624209358,0.9855499657710435
0.958662428783896,1,0,78,-0.8903471833308307,0,0,1.2708722000589845,0.7000539747632586,2,-0.8875544930966774,-0.9059547326007871
-1.186915388018159,0,2,39,1.8155767401432423,10,1,-1.1268929231566733,-1.111094840679301,1,1.201680624209358,0.9855499657710435
0.243469823183211,1,0,18,-0.41283119683540564,1,1,0.826841621685714,0.7000539747632586,2,0.15706306555634025,-0.27545316647684354
-0.471722782417474,0,2,16,0.6217867739046808,6,1,-0.06121953506082571,-0.20552043295802125,2,0.15706306555634025,0.3550483996471
0.958662428783896,1,0,20,-0.7311751878323557,9,0,1.2708722000589845,0.7000539747632586,1,-0.8875544930966774,-0.9059547326007871
-1.186915388018159,0,2,67,-1.2882771720770179,1,0,1.626096662757599,1.6056283824845383,2,-0.8875544930966774,-1.5364562987247306
0.243469823183211,1,0,68,-0.5720031923338806,0,1,1.004453853035022,0.7000539747632586,1,0.15706306555634025,-0.27545316647684354
-0.471722782417474,0,2,85,0.542200776155443,6,1,-0.32763788208478745,-0.20552043295802125,2,0.15706306555634025,0.3550483996471
0.958662428783896,1,0,58,0.860544767152393,10,1,-0.5052501134340955,-0.20552043295802125,2,0.15706306555634025,0.3550483996471
-1.186915388018159,0,2,100,1.6564047446447674,1,1,-0.7716684604580573,-1.111094840679301,1,1.201680624209358,0.9855499657710435
0.243469823183211,1,0,78,-0.9699331810800679,0,0,1.359678315733638,0.7000539747632586,2,-0.8875544930966774,-0.9059547326007871
-0.471722782417474,0,2,39,1.8951627378924796,10,1,-1.2156990388313271,-1.111094840679301,1,1.201680624209358,0.9855499657710435
0.958662428783896,1,0,18,-0.49241719458464356,6,1,0.9156477373603683,0.7000539747632586,2,0.15706306555634025,-0.27545316647684354
-1.186915388018159,0,2,16,0.542200776155443,10,1,0.027586580613828727,-0.20552043295802125,2,0.15706306555634025,0.3550483996471
0.243469823183211,1,0,20,-0.8107611855815932,9,0,1.359678315733638,0.7000539747632586,1,-0.8875544930966774,-0.9059547326007871
-0.471722782417474,0,2,67,-1.367863169826255,1,0,1.7149027784322544,1.6056283824845383,2,-0.8875544930966774,-1.5364562987247306
0.958662428783896,1,0,68,-0.6515891900831186,1,1,1.0932599687096756,0.7000539747632586,1,0.15706306555634025,-0.27545316647684354
-1.186915388018159,0,2,85,0.6217867739046808,6,1,-0.4164439977594411,-0.20552043295802125,2,0.15706306555634025,0.3550483996471
0.243469823183211,1,0,58,0.9401307649016302,10,1,-0.5940562291087492,-0.20552043295802125,2,0.15706306555634025,0.3550483996471
-0.471722782417474,0,2,100,1.7359907423940046,1,1,-0.8604745761327109,-1.111094840679301,1,1.201680624209358,0.9855499657710435
0.958662428783896,1,0,78,-1.0495191788293055,0,0,1.4484844314082919,0.7000539747632586,2,-0.8875544930966774,-0.9059547326007871
-1.186915388018159,0,2,39,1.9747487356417175,10,1,-1.3045051545059807,-1.111094840679301,1,1.201680624209358,0.9855499657710435
0.243469823183211,1,0,18,-0.5720031923338806,1,1,1.004453853035022,0.7000539747632586,2,0.15706306555634025,-0.27545316647684354
-0.471722782417474,0,2,90,0.9401307649016302,1,1,0.29400492763779046,-1.111094840679301,2,1.201680624209358,0.3550483996471
1.673855034384581,1,0,26,-0.8903471833308307,7,0,0.826841621685714,1.6056283824845383,1,-0.8875544930966774,-1.5364562987247306
-1.186915388018159,0,2,42,0.46261477840620585,6,1,-0.06121953506082571,-0.20552043295802125,2,1.201680624209358,0.9855499657710435
0.958662428783896,1,0,39,1.8155767401432423,0,1,-0.8604745761327109,-2.016669248400581,2,2.246298182862376,1.616051531894987
0.243469823183211,0,2,93,-0.5720031923338806,1,0,0.5604232746617522,0.7000539747632586,1,-0.8875544930966774,-0.9059547326007871
2.389047639985266,1,0,99,1.4972327491462925,6,1,-0.5940562291087492,-1.111094840679301,2,1.201680624209358,0.9855499657710435
-0.471722782417474,0,2,102,0.7809587694031559,1,1,-0.15002565073547935,-0.20552043295802125,1,0.15706306555634025,0.3550483996471
0.958662428783896,1,0,61,1.2584747558985803,0,1,-0.6828623447834036,-1.111094840679301,2,1.201680624209358,0.9855499657710435
-1.186915388018159,0,2,31,-0.17407320358769351,7,0,0.47161715898709855,0.7000539747632586,2,-0.8875544930966774,-0.9059547326007871
1.673855034384581,1,0,18,0.2238567851584937,1,1,0.11639269628848238,-0.20552043295802125,1,0.15706306555634025,-0.27545316647684354
0.243469823183211,0,2,101,1.099302760400105,6,1,-0.4164439977594411,-1.111094840679301,2,1.201680624209358,0.9855499657710435
2.389047639985266,1,0,44,-0.014901208089218486,0,0,0.3828110433124441,0.7000539747632586,1,-0.8875544930966774,-0.9059547326007871
-0.471722782417474,0,2,82,1.4176467513970552,1,1,-0.7716684604580573,-1.111094840679301,2,1.201680624209358,0.9855499657710435
0.958662428783896,1,0,20,0.701372771653918,9,1,-0.32763788208478745,-0.20552043295802125,1,0.15706306555634025,0.3550483996471
-1.186915388018159,0,2,46,-0.3332451990861685,7,0,0.6492293903364058,1.6056283824845383,2,-0.8875544930966774,-1.5364562987247306
1.673855034384581,1,0,78,1.178888758149343,0,1,-0.5052501134340955,-1.111094840679301,2,1.201680624209358,0.9855499657710435
0.243469823183211,0,2,30,-0.6515891900831186,1,0,0.7380355060110603,0.7000539747632586,1,-0.8875544930966774,-0.9059547326007871
2.389047639985266,1,0,90,1.3380607536478173,6,1,-0.5940562291087492,-1.111094840679301,2,1.201680624209358,0.9855499657710435
-0.471722782417474,0,2,26,-0.41283119683540564,1,0,0.47161715898709855,0.7000539747632586,1,-0.8875544930966774,-0.9059547326007871
0.958662428783896,1,0,42,0.6217867739046808,7,1,-0.06121953506082571,-0.20552043295802125,2,0.15706306555634025,0.3550483996471
-1.186915388018159,0,2,39,1.6564047446447674,1,1,-0.9492806918073653,-2.016669248400581,2,2.246298182862376,1.616051531894987
1.673855034384581,1,0,93,-0.49241719458464356,0,0,0.5604232746617522,0.7000539747632586,1,-0.8875544930966774,-0.9059547326007871
0.243469823183211,0,2,99,1.5768187468955301,6,1,-0.6828623447834036,-1.111094840679301,2,1.201680624209358,0.9855499657710435
2.389047639985266,1,0,102,0.542200776155443,1,1,0.027586580613828727,-0.20552043295802125,1,0.15706306555634025,0.3550483996471
-0.471722782417474,0,2,61,1.019716762650868,0,1,-0.5052501134340955,-1.111094840679301,2,1.201680624209358,0.9855499657710435
0.243469823183211,1,2,31,0.701372771653918,1,1,-0.15002565073547935,-0.20552043295802125,2,0.15706306555634025,0.3550483996471
1.673855034384581,0,0,18,-0.014901208089218486,6,0,0.3828110433124441,0.7000539747632586,1,-0.8875544930966774,-0.9059547326007871
-0.471722782417474,1,2,101,1.178888758149343,0,1,-0.5940562291087492,-1.111094840679301,2,1.201680624209358,0.9855499657710435
0.958662428783896,0,0,44,0.14427078740925584,7,0,0.20519881196313602,0.7000539747632586,1,-0.8875544930966774,-0.9059547326007871
-1.186915388018159,1,2,82,1.4176467513970552,1,1,-0.7716684604580573,-2.016669248400581,2,1.201680624209358,0.9855499657710435
2.389047639985266,0,0,20,0.46261477840620585,9,1,-0.06121953506082571,-0.20552043295802125,1,0.15706306555634025,0.3550483996471
0.243469823183211,1,2,46,-0.49241719458464356,7,0,0.6492293903364058,1.6056283824845383,2,-0.8875544930966774,-1.5364562987247306
1.673855034384581,0,0,78,1.019716762650868,1,1,-0.4164439977594411,-1.111094840679301,2,1.201680624209358,0.9855499657710435
-0.471722782417474,1,2,30,-0.3332451990861685,0,0,0.47161715898709855,0.7000539747632586,1,-0.8875544930966774,-0.9059547326007871
0.958662428783896,0,0,90,1.099302760400105,6,1,-0.5052501134340955,-1.111094840679301,2,1.201680624209358,0.9855499657710435
-1.186915388018159,1,2,26,-0.17407320358769351,1,0,0.29400492763779046,0.7000539747632586,1,-0.8875544930966774,-0.9059547326007871
2.389047639985266,0,0,42,0.7809587694031559,7,1,-0.2388317664101338,-0.20552043295802125,2,0.15706306555634025,0.3550483996471
0.243469823183211,1,2,39,1.7359907423940046,0,1,-1.038086807482019,-2.016669248400581,2,2.246298182862376,1.616051531894987
1.673855034384581,0,0,93,-0.41283119683540564,1,0,0.47161715898709855,0.7000539747632586,1,-0.8875544930966774,-0.9059547326007871
-0.471722782417474,1,2,99,1.3380607536478173,6,1,-0.5940562291087492,-1.111094840679301,2,1.201680624209358,0.9855499657710435
0.958662428783896,0,0,102,0.3830287806569687,1,1,0.027586580613828727,-0.20552043295802125,1,0.15706306555634025,0.3550483996471
-1.186915388018159,1,2,61,1.2584747558985803,0,1,-0.6828623447834036,-1.111094840679301,2,1.201680624209358,0.9855499657710435
2.389047639985266,0,0,31,-0.09448720583845635,7,0,0.3828110433124441,0.7000539747632586,1,-0.8875544930966774,-0.9059547326007871
0.243469823183211,1,2,18,0.6217867739046808,1,1,-0.15002565073547935,-0.20552043295802125,2,0.15706306555634025,0.3550483996471
1.673855034384581,0,0,101,0.9401307649016302,6,1,-0.4164439977594411,-1.111094840679301,2,1.201680624209358,0.9855499657710435
-0.471722782417474,1,2,44,-0.2536592013369314,0,0,0.29400492763779046,0.7000539747632586,1,-0.8875544930966774,-0.9059547326007871
0.958662428783896,0,0,82,1.4972327491462925,1,1,-0.8604745761327109,-2.016669248400581,2,2.246298182862376,1.616051531894987
-1.186915388018159,1,2,20,0.542200776155443,9,1,-0.06121953506082571,-0.20552043295802125,1,0.15706306555634025,0.3550483996471
2.389047639985266,0,0,46,-0.5720031923338806,7,0,0.5604232746617522,1.6056283824845383,2,-0.8875544930966774,-1.5364562987247306
0.243469823183211,1,2,78,1.099302760400105,6,1,-0.5052501134340955,-1.111094840679301,2,1.201680624209358,0.9855499657710435
1.673855034384581,0,0,30,-0.41283119683540564,1,0,0.47161715898709855,0.7000539747632586,1,-0.8875544930966774,-0.9059547326007871
-0.471722782417474,1,2,90,1.2584747558985803,0,1,-0.5940562291087492,-1.111094840679301,2,1.201680624209358,0.9855499657710435
0.958662428783896,0,0,26,-0.2536592013369314,7,0,0.3828110433124441,0.7000539747632586,1,-0.8875544930966774,-0.9059547326007871
-1.186915388018159,1,2,42,0.701372771653918,1,1,-0.2388317664101338,-0.20552043295802125,2,0.15706306555634025,0.3550483996471
2.389047639985266,0,0,39,1.6564047446447674,6,1,-0.9492806918073653,-2.016669248400581,2,2.246298182862376,1.616051531894987
0.243469823183211,1,2,93,-0.3332451990861685,0,0,0.3828110433124441,0.7000539747632586,1,-0.8875544930966774,-0.9059547326007871
1.673855034384581,0,0,99,1.4176467513970552,1,1,-0.6828623447834036,-1.111094840679301,2,1.201680624209358,0.9855499657710435
-0.471722782417474,1,2,102,0.46261477840620585,7,1,-0.06121953506082571,-0.20552043295802125,1,0.15706306555634025,0.3550483996471
0.958662428783896,0,0,61,1.178888758149343,0,1,-0.5940562291087492,-1.111094840679301,2,1.201680624209358,0.9855499657710435
-1.186915388018159,1,2,31,-0.17407320358769351,1,0,0.29400492763779046,0.7000539747632586,1,-0.8875544930966774,-0.9059547326007871
2.389047639985266,0,0,18,0.542200776155443,6,1,-0.15002565073547935,-0.20552043295802125,2,0.15706306555634025,0.3550483996471
0.243469823183211,1,2,101,1.019716762650868,0,1,-0.5052501134340955,-1.111094840679301,2,1.201680624209358,0.9855499657710435
1.673855034384581,0,0,44,-0.09448720583845635,7,0,0.20519881196313602,0.7000539747632586,1,-0.8875544930966774,-0.9059547326007871
-0.471722782417474,1,2,82,1.5768187468955301,1,1,-0.8604745761327109,-2.016669248400581,2,2.246298182862376,1.616051531894987
0.958662428783896,0,0,20,0.6217867739046808,9,1,-0.15002565073547935,-0.20552043295802125,1,0.15706306555634025,0.3550483996471
-1.186915388018159,1,2,46,-0.41283119683540564,7,0,0.47161715898709855,1.6056283824845383,2,-0.8875544930966774,-1.5364562987247306
2.389047639985266,0,0,78,0.9401307649016302,6,1,-0.4164439977594411,-1.111094840679301,2,1.201680624209358,0.9855499657710435
0.243469823183211,1,2,30,-0.49241719458464356,1,0,0.5604232746617522,0.7000539747632586,1,-0.8875544930966774,-0.9059547326007871
1.673855034384581,0,0,90,1.178888758149343,0,1,-0.5940562291087492,-1.111094840679301,2,1.201680624209358,0.9855499657710435
-0.471722782417474,1,2,26,-0.3332451990861685,7,0,0.3828110433124441,0.7000539747632586,1,-0.8875544930966774,-0.9059547326007871
0.958662428783896,0,0,42,0.7809587694031559,1,1,-0.32763788208478745,-0.20552043295802125,2,0.15706306555634025,0.3550483996471
-1.186915388018159,1,2,39,1.8155767401432423,6,1,-1.038086807482019,-2.016669248400581,2,2.246298182862376,1.616051531894987
2.389047639985266,0,0,93,-0.2536592013369314,0,0,0.29400492763779046,0.7000539747632586,1,-0.8875544930966774,-0.9059547326007871
0.243469823183211,1,2,99,1.4972327491462925,1,1,-0.7716684604580573,-1.111094840679301,2,1.201680624209358,0.9855499657710435
1.673855034384581,0,0,102,0.30344278290773086,7,1,-0.06121953506082571,-0.20552043295802125,1,0.15706306555634025,0.3550483996471
0.958662428783896,1,0,61,1.099302760400105,0,1,-0.5940562291087492,-1.111094840679301,2,1.201680624209358,0.9855499657710435
-0.471722782417474,0,2,31,-0.09448720583845635,1,0,0.20519881196313602,0.7000539747632586,1,-0.8875544930966774,-0.9059547326007871
1.673855034384581,1,0,18,0.6217867739046808,6,1,-0.2388317664101338,-0.20552043295802125,2,0.15706306555634025,0.3550483996471
0.243469823183211,0,2,101,1.019716762650868,7,1,-0.5052501134340955,-1.111094840679301,2,1.201680624209358,0.9855499657710435
2.389047639985266,1,0,44,-0.17407320358769351,0,0,0.29400492763779046,0.7000539747632586,1,-0.8875544930966774,-0.9059547326007871
-1.186915388018159,0,2,82,1.4972327491462925,1,1,-0.8604745761327109,-2.016669248400581,2,2.246298182862376,1.616051531894987
0.958662428783896,1,0,20,0.542200776155443,9,1,-0.15002565073547935,-0.20552043295802125,1,0.15706306555634025,0.3550483996471
-0.471722782417474,0,2,46,-0.49241719458464356,7,0,0.5604232746617522,1.6056283824845383,2,-0.8875544930966774,-1.5364562987247306
1.673855034384581,1,0,78,1.019716762650868,6,1,-0.5052501134340955,-1.111094840679301,2,1.201680624209358,0.9855499657710435
0.243469823183211,0,2,30,-0.41283119683540564,1,0,0.47161715898709855,0.7000539747632586,1,-0.8875544930966774,-0.9059547326007871
2.389047639985266,1,0,90,1.2584747558985803,0,1,-0.6828623447834036,-1.111094840679301,2,1.201680624209358,0.9855499657710435
-1.186915388018159,0,2,26,-0.2536592013369314,7,0,0.3828110433124441,0.7000539747632586,1,-0.8875544930966774,-0.9059547326007871
0.958662428783896,1,0,42,0.701372771653918,1,1,-0.2388317664101338,-0.20552043295802125,2,0.15706306555634025,0.3550483996471
-0.471722782417474,0,2,39,1.7359907423940046,6,1,-0.9492806918073653,-2.016669248400581,2,2.246298182862376,1.616051531894987
1.673855034384581,1,0,93,-0.3332451990861685,0,0,0.3828110433124441,0.7000539747632586,1,-0.8875544930966774,-0.9059547326007871
0.243469823183211,0,2,99,1.4176467513970552,1,1,-0.7716684604580573,-1.111094840679301,2,1.201680624209358,0.9855499657710435
2.389047639985266,1,0,102,0.3830287806569687,7,1,-0.06121953506082571,-0.20552043295802125,1,0.15706306555634025,0.3550483996471
-1.186915388018159,0,2,61,1.178888758149343,6,1,-0.5940562291087492,-1.111094840679301,2,1.201680624209358,0.9855499657710435
0.958662428783896,1,0,31,-0.17407320358769351,0,0,0.29400492763779046,0.7000539747632586,1,-0.8875544930966774,-0.9059547326007871
-0.471722782417474,0,2,18,0.542200776155443,1,1,-0.15002565073547935,-0.20552043295802125,2,0.15706306555634025,0.3550483996471
1.673855034384581,1,0,101,1.099302760400105,7,1,-0.5940562291087492,-1.111094840679301,2,1.201680624209358,0.9855499657710435
0.243469823183211,0,2,44,-0.09448720583845635,6,0,0.20519881196313602,0.7000539747632586,1,-0.8875544930966774,-0.9059547326007871
2.389047639985266,1,0,82,1.5768187468955301,1,1,-0.8604745761327109,-2.016669248400581,2,2.246298182862376,1.616051531894987
-1.186915388018159,0,2,20,0.6217867739046808,9,1,-0.15002565073547935,-0.20552043295802125,1,0.15706306555634025,0.3550483996471
0.958662428783896,1,0,46,-0.41283119683540564,7,0,0.47161715898709855,1.6056283824845383,2,-0.8875544930966774,-1.5364562987247306
-0.471722782417474,0,2,78,0.9401307649016302,0,1,-0.4164439977594411,-1.111094840679301,2,1.201680624209358,0.9855499657710435
1.673855034384581,1,0,30,-0.49241719458464356,1,0,0.5604232746617522,0.7000539747632586,1,-0.8875544930966774,-0.9059547326007871
0.243469823183211,0,2,90,1.178888758149343,6,1,-0.5940562291087492,-1.111094840679301,2,1.201680624209358,0.9855499657710435
2.389047639985266,1,0,26,-0.3332451990861685,7,0,0.3828110433124441,0.7000539747632586,1,-0.8875544930966774,-0.9059547326007871
-1.186915388018159,0,2,42,0.7809587694031559,1,1,-0.32763788208478745,-0.20552043295802125,2,0.15706306555634025,0.3550483996471
0.958662428783896,1,0,39,1.8155767401432423,0,1,-1.038086807482019,-2.016669248400581,2,2.246298182862376,1.616051531894987
-0.471722782417474,0,2,93,-0.2536592013369314,6,0,0.29400492763779046,0.7000539747632586,1,-0.8875544930966774,-0.9059547326007871
1.673855034384581,1,0,99,1.4972327491462925,1,1,-0.7716684604580573,-1.111094840679301,2,1.201680624209358,0.9855499657710435
0.243469823183211,0,2,102,0.30344278290773086,7,1,-0.06121953506082571,-0.20552043295802125,1,0.15706306555634025,0.3550483996471
2.389047639985266,1,0,61,1.019716762650868,0,1,-0.5052501134340955,-1.111094840679301,2,1.201680624209358,0.9855499657710435
-1.186915388018159,0,2,31,-0.17407320358769351,1,0,0.29400492763779046,0.7000539747632586,1,-0.8875544930966774,-0.9059547326007871
0.958662428783896,1,0,18,0.701372771653918,6,1,-0.2388317664101338,-0.20552043295802125,2,0.15706306555634025,0.3550483996471
-0.471722782417474,0,2,101,0.9401307649016302,7,1,-0.4164439977594411,-1.111094840679301,2,1.201680624209358,0.9855499657710435
1.673855034384581,1,0,44,-0.09448720583845635,0,0,0.20519881196313602,0.7000539747632586,1,-0.8875544930966774,-0.9059547326007871
0.243469823183211,0,2,82,1.4176467513970552,1,1,-0.7716684604580573,-2.016669248400581,2,2.246298182862376,1.616051531894987
2.389047639985266,1,0,20,0.46261477840620585,9,1,-0.06121953506082571,-0.20552043295802125,1,0.15706306555634025,0.3550483996471
-1.186915388018159,0,2,46,-0.5720031923338806,7,0,0.5604232746617522,1.6056283824845383,2,-0.8875544930966774,-1.5364562987247306
0.958662428783896,1,0,78,1.099302760400105,6,1,-0.5940562291087492,-1.111094840679301,2,1.201680624209358,0.9855499657710435
-0.471722782417474,0,2,30,-0.41283119683540564,1,0,0.47161715898709855,0.7000539747632586,1,-0.8875544930966774,-0.9059547326007871
1.673855034384581,1,0,90,1.2584747558985803,0,1,-0.6828623447834036,-1.111094840679301,2,1.201680624209358,0.9855499657710435
0.243469823183211,0,2,26,-0.2536592013369314,7,0,0.3828110433124441,0.7000539747632586,1,-0.8875544930966774,-0.9059547326007871
2.389047639985266,1,0,42,0.7809587694031559,1,1,-0.32763788208478745,-0.20552043295802125,2,0.15706306555634025,0.3550483996471
-1.186915388018159,0,2,39,1.6564047446447674,6,1,-0.9492806918073653,-2.016669248400581,2,2.246298182862376,1.616051531894987
0.958662428783896,1,0,93,-0.3332451990861685,0,0,0.3828110433124441,0.7000539747632586,1,-0.8875544930966774,-0.9059547326007871
-0.471722782417474,0,2,99,1.3380607536478173,1,1,-0.6828623447834036,-1.111094840679301,2,1.201680624209358,0.9855499657710435
1.673855034384581,1,0,102,0.46261477840620585,7,1,-0.15002565073547935,-0.20552043295802125,1,0.15706306555634025,0.3550483996471
0.243469823183211,0,2,61,1.099302760400105,6,1,-0.5940562291087492,-1.111094840679301,2,1.201680624209358,0.9855499657710435
2.389047639985266,1,0,31,-0.09448720583845635,0,0,0.20519881196313602,0.7000539747632586,1,-0.8875544930966774,-0.9059547326007871
-1.186915388018159,0,2,18,0.6217867739046808,1,1,-0.2388317664101338,-0.20552043295802125,2,0.15706306555634025,0.3550483996471
0.958662428783896,1,0,101,1.019716762650868,7,1,-0.5052501134340955,-1.111094840679301,2,1.201680624209358,0.9855499657710435
-0.471722782417474,0,2,44,-0.17407320358769351,6,0,0.29400492763779046,0.7000539747632586,1,-0.8875544930966774,-0.9059547326007871
1.673855034384581,1,0,82,1.4972327491462925,1,1,-0.8604745761327109,-2.016669248400581,2,2.246298182862376,1.616051531894987
0.243469823183211,0,2,20,0.542200776155443,9,1,-0.15002565073547935,-0.20552043295802125,1,0.15706306555634025,0.3550483996471
2.389047639985266,1,0,46,-0.49241719458464356,7,0,0.5604232746617522,1.6056283824845383,2,-0.8875544930966774,-1.5364562987247306
-1.186915388018159,0,2,78,1.019716762650868,0,1,-0.5052501134340955,-1.111094840679301,2,1.201680624209358,0.9855499657710435
